Availability;Caption;ClassGuid;CompatibleID;ConfigManagerErrorCode;ConfigManagerUserConfig;CreationClassName;Description;DeviceID;ErrorCleared;ErrorDescription;HardwareID;InstallDate;LastErrorCode;Manufacturer;Name;PNPClass;PNPDeviceID;PowerManagementCapabilities;PowerManagementSupported;Present;Service;Status;StatusInfo;SystemCreationClassName;SystemName
"";Hauptplatinenressourcen;{4d36e97d-e325-11ce-bfc1-08002be10318};"";0;False;Win32_PnPEntity;Hauptplatinenressourcen;ACPI\PNP0C02\0;"";"";{ACPI\VEN_PNP&DEV_0C02, ACPI\PNP0C02, *PNP0C02};"";"";(Standardsystemgeräte);Hauptplatinenressourcen;System;ACPI\PNP0C02\0;"";"";True;"";OK;"";Win32_ComputerSystem;NUC
"";Hauptplatinenressourcen;{4d36e97d-e325-11ce-bfc1-08002be10318};"";0;False;Win32_PnPEntity;Hauptplatinenressourcen;ACPI\PNP0C02\1;"";"";{ACPI\VEN_PNP&DEV_0C02, ACPI\PNP0C02, *PNP0C02};"";"";(Standardsystemgeräte);Hauptplatinenressourcen;System;ACPI\PNP0C02\1;"";"";True;"";OK;"";Win32_ComputerSystem;NUC
"";Hauptplatinenressourcen;{4d36e97d-e325-11ce-bfc1-08002be10318};"";0;False;Win32_PnPEntity;Hauptplatinenressourcen;ACPI\PNP0C02\2;"";"";{ACPI\VEN_PNP&DEV_0C02, ACPI\PNP0C02, *PNP0C02};"";"";(Standardsystemgeräte);Hauptplatinenressourcen;System;ACPI\PNP0C02\2;"";"";True;"";OK;"";Win32_ComputerSystem;NUC
"";Hauptplatinenressourcen;{4d36e97d-e325-11ce-bfc1-08002be10318};"";0;False;Win32_PnPEntity;Hauptplatinenressourcen;ACPI\PNP0C02\5;"";"";{ACPI\VEN_PNP&DEV_0C02, ACPI\PNP0C02, *PNP0C02};"";"";(Standardsystemgeräte);Hauptplatinenressourcen;System;ACPI\PNP0C02\5;"";"";True;"";OK;"";Win32_ComputerSystem;NUC
"";Eingebetteter, Microsoft ACPI-konformer Controller;{4d36e97d-e325-11ce-bfc1-08002be10318};"";0;False;Win32_PnPEntity;Eingebetteter, Microsoft ACPI-konformer Controller;ACPI\PNP0C09\1;"";"";{ACPI\VEN_PNP&DEV_0C09, ACPI\PNP0C09, *PNP0C09};"";"";(Standardsystemgeräte);Eingebetteter, Microsoft ACPI-konformer Controller;System;ACPI\PNP0C09\1;"";"";True;"";OK;"";Win32_ComputerSystem;NUC
"";DELL U2515H(HDMI2);{4d36e96e-e325-11ce-bfc1-08002be10318};{*PNP09FF};0;False;Win32_PnPEntity;DELL U2515H(HDMI2);DISPLAY\DELD072\4&2706F5B0&0&UID198195;"";"";{MONITOR\DELD072};"";"";Dell Inc.;DELL U2515H(HDMI2);Monitor;DISPLAY\DELD072\4&2706F5B0&0&UID198195;"";"";True;monitor;OK;"";Win32_ComputerSystem;NUC
"";ACPI-Lüfter;{4d36e97d-e325-11ce-bfc1-08002be10318};"";0;False;Win32_PnPEntity;ACPI-Lüfter;ACPI\PNP0C0B\0;"";"";{ACPI\VEN_PNP&DEV_0C0B, ACPI\PNP0C0B, *PNP0C0B};"";"";(Standardsystemgeräte);ACPI-Lüfter;System;ACPI\PNP0C0B\0;"";"";True;"";OK;"";Win32_ComputerSystem;NUC
"";ACPI-Lüfter;{4d36e97d-e325-11ce-bfc1-08002be10318};"";0;False;Win32_PnPEntity;ACPI-Lüfter;ACPI\PNP0C0B\1;"";"";{ACPI\VEN_PNP&DEV_0C0B, ACPI\PNP0C0B, *PNP0C0B};"";"";(Standardsystemgeräte);ACPI-Lüfter;System;ACPI\PNP0C0B\1;"";"";True;"";OK;"";Win32_ComputerSystem;NUC
"";ACPI-Lüfter;{4d36e97d-e325-11ce-bfc1-08002be10318};"";0;False;Win32_PnPEntity;ACPI-Lüfter;ACPI\PNP0C0B\2;"";"";{ACPI\VEN_PNP&DEV_0C0B, ACPI\PNP0C0B, *PNP0C0B};"";"";(Standardsystemgeräte);ACPI-Lüfter;System;ACPI\PNP0C0B\2;"";"";True;"";OK;"";Win32_ComputerSystem;NUC
"";ACPI-Lüfter;{4d36e97d-e325-11ce-bfc1-08002be10318};"";0;False;Win32_PnPEntity;ACPI-Lüfter;ACPI\PNP0C0B\3;"";"";{ACPI\VEN_PNP&DEV_0C0B, ACPI\PNP0C0B, *PNP0C0B};"";"";(Standardsystemgeräte);ACPI-Lüfter;System;ACPI\PNP0C0B\3;"";"";True;"";OK;"";Win32_ComputerSystem;NUC
"";ACPI-Lüfter;{4d36e97d-e325-11ce-bfc1-08002be10318};"";0;False;Win32_PnPEntity;ACPI-Lüfter;ACPI\PNP0C0B\4;"";"";{ACPI\VEN_PNP&DEV_0C0B, ACPI\PNP0C0B, *PNP0C0B};"";"";(Standardsystemgeräte);ACPI-Lüfter;System;ACPI\PNP0C0B\4;"";"";True;"";OK;"";Win32_ComputerSystem;NUC
"";ACPI-Prozessoraggregator;{4d36e97d-e325-11ce-bfc1-08002be10318};"";0;False;Win32_PnPEntity;ACPI-Prozessoraggregator;ACPI\ACPI000C\2&DABA3FF&0;"";"";{ACPI\VEN_ACPI&DEV_000C, ACPI\ACPI000C, *ACPI000C};"";"";(Standardsystemgeräte);ACPI-Prozessoraggregator;System;ACPI\ACPI000C\2&DABA3FF&0;"";"";True;acpipagr;OK;"";Win32_ComputerSystem;NUC
"";Stammdruckwarteschlange;{1ed2bbf9-11f0-4084-b21f-ad83a8e6dcdc};{SWD\GenericRaw, SWD\Generic};0;False;Win32_PnPEntity;Lokale Druckwarteschlange;SWD\PRINTENUM\PRINTQUEUES;"";"";{PRINTENUM\LocalPrintQueue};"";"";Microsoft;Stammdruckwarteschlange;PrintQueue;SWD\PRINTENUM\PRINTQUEUES;"";"";True;"";OK;"";Win32_ComputerSystem;NUC
"";PCI Standard-RAM-Controller;{4d36e97d-e325-11ce-bfc1-08002be10318};{PCI\VEN_8086&DEV_9DEF&REV_30, PCI\VEN_8086&DEV_9DEF, PCI\VEN_8086&CC_050000, PCI\VEN_8086&CC_0500, PCI\VEN_8086, PCI\CC_050000, PCI\CC_0500};0;False;Win32_PnPEntity;PCI Standard-RAM-Controller;PCI\VEN_8086&DEV_9DEF&SUBSYS_20748086&REV_30\3&11583659&0&A2;"";"";{PCI\VEN_8086&DEV_9DEF&SUBSYS_20748086&REV_30, PCI\VEN_8086&DEV_9DEF&SUBSYS_20748086, PCI\VEN_8086&DEV_9DEF&CC_050000, PCI\VEN_8086&DEV_9DEF&CC_0500};"";"";(Standardsystemgeräte);PCI Standard-RAM-Controller;System;PCI\VEN_8086&DEV_9DEF&SUBSYS_20748086&REV_30\3&11583659&0&A2;"";"";True;"";OK;"";Win32_ComputerSystem;NUC
"";Intel(R) SPI (flash) Controller - 9DA4;{4d36e97d-e325-11ce-bfc1-08002be10318};{PCI\VEN_8086&DEV_9DA4&REV_30, PCI\VEN_8086&DEV_9DA4, PCI\VEN_8086&CC_0C8000, PCI\VEN_8086&CC_0C80, PCI\VEN_8086, PCI\CC_0C8000, PCI\CC_0C80};0;False;Win32_PnPEntity;Intel(R) SPI (flash) Controller - 9DA4;PCI\VEN_8086&DEV_9DA4&SUBSYS_20748086&REV_30\3&11583659&0&FD;"";"";{PCI\VEN_8086&DEV_9DA4&SUBSYS_20748086&REV_30, PCI\VEN_8086&DEV_9DA4&SUBSYS_20748086, PCI\VEN_8086&DEV_9DA4&CC_0C8000, PCI\VEN_8086&DEV_9DA4&CC_0C80};"";"";INTEL;Intel(R) SPI (flash) Controller - 9DA4;System;PCI\VEN_8086&DEV_9DA4&SUBSYS_20748086&REV_30\3&11583659&0&FD;"";"";True;"";OK;"";Win32_ComputerSystem;NUC
"";Volume-Manager;{4d36e97d-e325-11ce-bfc1-08002be10318};{DETECTEDInternal\volmgr, DETECTED\volmgr};0;False;Win32_PnPEntity;Volume-Manager;ROOT\VOLMGR\0000;"";"";{ROOT\VOLMGR};"";"";Microsoft;Volume-Manager;System;ROOT\VOLMGR\0000;"";"";True;volmgr;OK;"";Win32_ComputerSystem;NUC
"";WAN Miniport (PPPOE);{4d36e972-e325-11ce-bfc1-08002be10318};{SWD\Generic};0;False;Win32_PnPEntity;WAN-Miniport (PPPOE);SWD\MSRRAS\MS_PPPOEMINIPORT;"";"";{ms_pppoeminiport};"";"";Microsoft;WAN Miniport (PPPOE);Net;SWD\MSRRAS\MS_PPPOEMINIPORT;"";"";True;RasPppoe;OK;"";Win32_ComputerSystem;NUC
"";USB-Verbundgerät;{36fc9e60-c465-11cf-8056-444553540000};{USB\DevClass_00&SubClass_00&Prot_00, USB\DevClass_00&SubClass_00, USB\DevClass_00, USB\COMPOSITE};0;False;Win32_PnPEntity;USB-Verbundgerät;USB\VID_045E&PID_0750\5&2EC8F72A&0&2;"";"";{USB\VID_045E&PID_0750&REV_0110, USB\VID_045E&PID_0750};"";"";(Standard-USB-Hostcontroller);USB-Verbundgerät;USB;USB\VID_045E&PID_0750\5&2EC8F72A&0&2;"";"";True;usbccgp;OK;"";Win32_ComputerSystem;NUC
"";USB-Root-Hub (USB 3.0);{36fc9e60-c465-11cf-8056-444553540000};"";0;False;Win32_PnPEntity;USB-Root-Hub (USB 3.0);USB\ROOT_HUB30\7&21EB7767&0&0;"";"";{USB\ROOT_HUB30&VID8086&PID15DB&REV0002, USB\ROOT_HUB30&VID8086&PID15DB, USB\ROOT_HUB30};"";"";(Standardmäßige USB-HUBs);USB-Root-Hub (USB 3.0);USB;USB\ROOT_HUB30\7&21EB7767&0&0;"";"";True;USBHUB3;OK;"";Win32_ComputerSystem;NUC
"";Remotedesktoptastatur;{4d36e96b-e325-11ce-bfc1-08002be10318};{TI_COMPAT_DEVICE};0;False;Win32_PnPEntity;Remotedesktoptastatur;TERMINPUT_BUS\UMB\2&2C22BCC9&0&SESSION2KEYBOARD0;"";"";{TS_INPT\TS_KBD};"";"";(Standardsystemgeräte);Remotedesktoptastatur;Keyboard;TERMINPUT_BUS\UMB\2&2C22BCC9&0&SESSION2KEYBOARD0;"";"";True;terminpt;OK;"";Win32_ComputerSystem;NUC
"";HID-Tastatur;{4d36e96b-e325-11ce-bfc1-08002be10318};"";0;False;Win32_PnPEntity;HID-Tastatur;HID\VID_FFFF&PID_BACE&REV_0002&MI_00&COL01\3&258C3FBC&0&0000;"";"";{HID\VID_FFFF&PID_BACE&REV_0002&MI_00&Col01, HID\VID_FFFF&PID_BACE&MI_00&Col01, HID\VID_FFFF&UP:0001_U:0006, HID_DEVICE_SYSTEM_KEYBOARD, HID_DEVICE_UP:0001_U:0006, HID_DEVICE};"";"";(Standardtastaturen);HID-Tastatur;Keyboard;HID\VID_FFFF&PID_BACE&REV_0002&MI_00&COL01\3&258C3FBC&0&0000;"";"";True;kbdhid;OK;"";Win32_ComputerSystem;NUC
"";Microsoft Basic Display Driver;{4d36e97d-e325-11ce-bfc1-08002be10318};"";0;False;Win32_PnPEntity;Microsoft Basic Display Driver;ROOT\BASICDISPLAY\0000;"";"";{ROOT\BasicDisplay};"";"";(Standardgrafikkartentypen);Microsoft Basic Display Driver;System;ROOT\BASICDISPLAY\0000;"";"";True;BasicDisplay;OK;"";Win32_ComputerSystem;NUC
"";Fortemedia SAMSoft Effects Component;{5c4c3332-344d-483c-8739-259e934c9cc8};{SWC\Generic, SWD\GenericRaw, SWD\Generic};0;False;Win32_PnPEntity;Fortemedia Audio Effects Component;SWD\DRIVERENUM\{86F65302-34A5-441C-8E16-C05C2D9E6151}#FMAPO&5&1C39BCDF&0;"";"";{SWC\VEN_1319&AID_0001};"";"";Fortemedia;Fortemedia SAMSoft Effects Component;SoftwareComponent;SWD\DRIVERENUM\{86F65302-34A5-441C-8E16-C05C2D9E6151}#FMAPO&5&1C39BCDF&0;"";"";True;"";OK;"";Win32_ComputerSystem;NUC
"";Microsoft Bluetooth-Auflistung;{e0cbf06c-cd8b-4647-bb8a-263b43f0f974};"";0;False;Win32_PnPEntity;Microsoft Bluetooth-Auflistung;BTH\MS_BTHBRB\6&2776B02B&0&1;"";"";{BTH\MS_BTHBRB};"";"";Microsoft;Microsoft Bluetooth-Auflistung;Bluetooth;BTH\MS_BTHBRB\6&2776B02B&0&1;"";"";True;BthEnum;OK;"";Win32_ComputerSystem;NUC
"";Intel(R) Xeon(R) E3 - 1200/1500 v5/6th Gen Intel(R) Core(TM) Gaussian Mixture Model - 1911;{4d36e97d-e325-11ce-bfc1-08002be10318};{PCI\VEN_8086&DEV_1911&REV_00, PCI\VEN_8086&DEV_1911, PCI\VEN_8086&CC_088000, PCI\VEN_8086&CC_0880, PCI\VEN_8086, PCI\CC_088000, PCI\CC_0880};0;False;Win32_PnPEntity;Intel(R) Xeon(R) E3 - 1200/1500 v5/6th Gen Intel(R) Core(TM) Gaussian Mixture Model - 1911;PCI\VEN_8086&DEV_1911&SUBSYS_20748086&REV_00\3&11583659&0&40;"";"";{PCI\VEN_8086&DEV_1911&SUBSYS_20748086&REV_00, PCI\VEN_8086&DEV_1911&SUBSYS_20748086, PCI\VEN_8086&DEV_1911&CC_088000, PCI\VEN_8086&DEV_1911&CC_0880};"";"";INTEL;Intel(R) Xeon(R) E3 - 1200/1500 v5/6th Gen Intel(R) Core(TM) Gaussian Mixture Model - 1911;System;PCI\VEN_8086&DEV_1911&SUBSYS_20748086&REV_00\3&11583659&0&40;"";"";True;"";OK;"";Win32_ComputerSystem;NUC
"";USB-Eingabegerät;{745a17a0-74d3-11d0-b6fe-00a0c90f57da};{USB\Class_03&SubClass_00&Prot_00, USB\Class_03&SubClass_00, USB\Class_03};0;False;Win32_PnPEntity;USB-Eingabegerät;USB\VID_045E&PID_0750&MI_01\6&1DDD416B&0&0001;"";"";{USB\VID_045E&PID_0750&REV_0110&MI_01, USB\VID_045E&PID_0750&MI_01};"";"";(Standardsystemgeräte);USB-Eingabegerät;HIDClass;USB\VID_045E&PID_0750&MI_01\6&1DDD416B&0&0001;"";"";True;HidUsb;OK;"";Win32_ComputerSystem;NUC
"";ACPI-Energiezustandknopf;{4d36e97d-e325-11ce-bfc1-08002be10318};"";0;False;Win32_PnPEntity;ACPI-Energiezustandknopf;ACPI\PNP0C0E\2&DABA3FF&0;"";"";{ACPI\VEN_PNP&DEV_0C0E, ACPI\PNP0C0E, *PNP0C0E};"";"";(Standardsystemgeräte);ACPI-Energiezustandknopf;System;ACPI\PNP0C0E\2&DABA3FF&0;"";"";True;"";OK;"";Win32_ComputerSystem;NUC
"";Intel(R) Graphics Control Panel;{5c4c3332-344d-483c-8739-259e934c9cc8};{SWC\Generic, SWD\GenericRaw, SWD\Generic};0;False;Win32_PnPEntity;Intel(R) Graphics Control Panel;SWD\DRIVERENUM\CUI&4&2706F5B0&0;"";"";{SWC\100.8681_VEN8086_GFXUI};"";"";Intel Corporation;Intel(R) Graphics Control Panel;SoftwareComponent;SWD\DRIVERENUM\CUI&4&2706F5B0&0;"";"";True;"";OK;"";Win32_ComputerSystem;NUC
"";VirtualBox Host-Only Ethernet Adapter;{4d36e972-e325-11ce-bfc1-08002be10318};"";0;False;Win32_PnPEntity;VirtualBox Host-Only Ethernet Adapter;ROOT\NET\0000;"";"";{sun_vboxnetadp};"";"";Oracle Corporation;VirtualBox Host-Only Ethernet Adapter;Net;ROOT\NET\0000;"";"";True;VBoxNetAdp;OK;"";Win32_ComputerSystem;NUC
"";ACPI-Thermozone;{4d36e97d-e325-11ce-bfc1-08002be10318};"";0;False;Win32_PnPEntity;ACPI-Thermozone;ACPI\THERMALZONE\TZ00;"";"";{ACPI\ThermalZone, *ThermalZone};"";"";(Standardsystemgeräte);ACPI-Thermozone;System;ACPI\THERMALZONE\TZ00;"";"";True;"";OK;"";Win32_ComputerSystem;NUC
"";ACPI-Thermozone;{4d36e97d-e325-11ce-bfc1-08002be10318};"";0;False;Win32_PnPEntity;ACPI-Thermozone;ACPI\THERMALZONE\TZ0_;"";"";{ACPI\ThermalZone, *ThermalZone};"";"";(Standardsystemgeräte);ACPI-Thermozone;System;ACPI\THERMALZONE\TZ0_;"";"";True;"";OK;"";Win32_ComputerSystem;NUC
"";UMBusenumerator;{4d36e97d-e325-11ce-bfc1-08002be10318};"";0;False;Win32_PnPEntity;UMBusenumerator;UMB\UMB\1&841921D&0&TERMINPUT_BUS;"";"";{UMB\UMBUS};"";"";Microsoft;UMBusenumerator;System;UMB\UMB\1&841921D&0&TERMINPUT_BUS;"";"";True;umbus;OK;"";Win32_ComputerSystem;NUC
"";Microsoft RRAS Root Enumerator;{62f9c741-b25a-46ce-b54c-9bccce08b6f2};{SWD\GenericRaw, SWD\Generic};0;False;Win32_PnPEntity;Generisches Softwaregerät;SWD\MSRRAS\{5E259276-BC7E-40E3-B93B-8F89B5F3ABC0};"";"";"";"";"";Microsoft;Microsoft RRAS Root Enumerator;SoftwareDevice;SWD\MSRRAS\{5E259276-BC7E-40E3-B93B-8F89B5F3ABC0};"";"";True;"";OK;"";Win32_ComputerSystem;NUC
"";Microsoft Windows-Verwaltungsschnittstelle für ACPI;{4d36e97d-e325-11ce-bfc1-08002be10318};"";0;False;Win32_PnPEntity;Microsoft Windows-Verwaltungsschnittstelle für ACPI;ACPI\PNP0C14\0;"";"";{ACPI\VEN_PNP&DEV_0C14, ACPI\PNP0C14, *PNP0C14};"";"";Microsoft;Microsoft Windows-Verwaltungsschnittstelle für ACPI;System;ACPI\PNP0C14\0;"";"";True;WmiAcpi;OK;"";Win32_ComputerSystem;NUC
"";HID-konformes Benutzersteuergerät;{745a17a0-74d3-11d0-b6fe-00a0c90f57da};"";0;False;Win32_PnPEntity;HID-konformes Benutzersteuergerät;HID\VID_045E&PID_0750&MI_01&COL01\7&35502081&0&0000;"";"";{HID\VID_045E&PID_0750&REV_0110&MI_01&Col01, HID\VID_045E&PID_0750&MI_01&Col01, HID\VID_045E&UP:000C_U:0001, HID_DEVICE_SYSTEM_CONSUMER, HID_DEVICE_UP:000C_U:0001, HID_DEVICE};"";"";Microsoft;HID-konformes Benutzersteuergerät;HIDClass;HID\VID_045E&PID_0750&MI_01&COL01\7&35502081&0&0000;"";"";True;"";OK;"";Win32_ComputerSystem;NUC
"";Intel(R) Management Engine Interface ;{4d36e97d-e325-11ce-bfc1-08002be10318};{PCI\VEN_8086&DEV_9DE0&REV_30, PCI\VEN_8086&DEV_9DE0, PCI\VEN_8086&CC_078000, PCI\VEN_8086&CC_0780, PCI\VEN_8086, PCI\CC_078000, PCI\CC_0780};0;False;Win32_PnPEntity;Intel(R) Management Engine Interface ;PCI\VEN_8086&DEV_9DE0&SUBSYS_20748086&REV_30\3&11583659&0&B0;"";"";{PCI\VEN_8086&DEV_9DE0&SUBSYS_20748086&REV_30, PCI\VEN_8086&DEV_9DE0&SUBSYS_20748086, PCI\VEN_8086&DEV_9DE0&CC_078000, PCI\VEN_8086&DEV_9DE0&CC_0780};"";"";Intel;Intel(R) Management Engine Interface ;System;PCI\VEN_8086&DEV_9DE0&SUBSYS_20748086&REV_30\3&11583659&0&B0;"";"";True;MEIx64;OK;"";Win32_ComputerSystem;NUC
"";Downstream-Switchport für PCI-Express;{4d36e97d-e325-11ce-bfc1-08002be10318};{PCI\VEN_8086&DEV_15DA&REV_02, PCI\VEN_8086&DEV_15DA, PCI\VEN_8086&CC_060400, PCI\VEN_8086&CC_0604, PCI\VEN_8086, PCI\CC_060400&DT_6, PCI\CC_060400, PCI\CC_0604&DT_6, PCI\CC_0604, PCI\CC_0C0A};0;False;Win32_PnPEntity;Downstream-Switchport für PCI-Express;PCI\VEN_8086&DEV_15DA&SUBSYS_20748086&REV_02\24F5D48923B3020000;"";"";{PCI\VEN_8086&DEV_15DA&SUBSYS_20748086&REV_02, PCI\VEN_8086&DEV_15DA&SUBSYS_20748086, PCI\VEN_8086&DEV_15DA&CC_060400, PCI\VEN_8086&DEV_15DA&CC_0604};"";"";(Standardsystemgeräte);Downstream-Switchport für PCI-Express;System;PCI\VEN_8086&DEV_15DA&SUBSYS_20748086&REV_02\24F5D48923B3020000;"";"";True;pci;OK;"";Win32_ComputerSystem;NUC
"";Downstream-Switchport für PCI-Express;{4d36e97d-e325-11ce-bfc1-08002be10318};{PCI\VEN_8086&DEV_15DA&REV_02, PCI\VEN_8086&DEV_15DA, PCI\VEN_8086&CC_060400, PCI\VEN_8086&CC_0604, PCI\VEN_8086, PCI\CC_060400&DT_6, PCI\CC_060400, PCI\CC_0604&DT_6, PCI\CC_0604, PCI\CC_0C0A};0;False;Win32_PnPEntity;Downstream-Switchport für PCI-Express;PCI\VEN_8086&DEV_15DA&SUBSYS_20748086&REV_02\24F5D48923B3020008;"";"";{PCI\VEN_8086&DEV_15DA&SUBSYS_20748086&REV_02, PCI\VEN_8086&DEV_15DA&SUBSYS_20748086, PCI\VEN_8086&DEV_15DA&CC_060400, PCI\VEN_8086&DEV_15DA&CC_0604};"";"";(Standardsystemgeräte);Downstream-Switchport für PCI-Express;System;PCI\VEN_8086&DEV_15DA&SUBSYS_20748086&REV_02\24F5D48923B3020008;"";"";True;pci;OK;"";Win32_ComputerSystem;NUC
"";Downstream-Switchport für PCI-Express;{4d36e97d-e325-11ce-bfc1-08002be10318};{PCI\VEN_8086&DEV_15DA&REV_02, PCI\VEN_8086&DEV_15DA, PCI\VEN_8086&CC_060400, PCI\VEN_8086&CC_0604, PCI\VEN_8086, PCI\CC_060400&DT_6, PCI\CC_060400, PCI\CC_0604&DT_6, PCI\CC_0604, PCI\CC_0C0A};0;False;Win32_PnPEntity;Downstream-Switchport für PCI-Express;PCI\VEN_8086&DEV_15DA&SUBSYS_20748086&REV_02\24F5D48923B3020010;"";"";{PCI\VEN_8086&DEV_15DA&SUBSYS_20748086&REV_02, PCI\VEN_8086&DEV_15DA&SUBSYS_20748086, PCI\VEN_8086&DEV_15DA&CC_060400, PCI\VEN_8086&DEV_15DA&CC_0604};"";"";(Standardsystemgeräte);Downstream-Switchport für PCI-Express;System;PCI\VEN_8086&DEV_15DA&SUBSYS_20748086&REV_02\24F5D48923B3020010;"";"";True;pci;OK;"";Win32_ComputerSystem;NUC
"";WAN Miniport (PPTP);{4d36e972-e325-11ce-bfc1-08002be10318};{SWD\Generic};0;False;Win32_PnPEntity;WAN-Miniport (PPTP);SWD\MSRRAS\MS_PPTPMINIPORT;"";"";{ms_pptpminiport};"";"";Microsoft;WAN Miniport (PPTP);Net;SWD\MSRRAS\MS_PPTPMINIPORT;"";"";True;PptpMiniport;OK;"";Win32_ComputerSystem;NUC
"";Microsoft Print to PDF;{1ed2bbf9-11f0-4084-b21f-ad83a8e6dcdc};{GenPrintQueue, SWD\GenericRaw, SWD\Generic};0;False;Win32_PnPEntity;Lokale Druckwarteschlange;SWD\PRINTENUM\{63EC4E11-1456-4B8C-8DB2-7C1D5FEE404F};"";"";{PRINTENUM\{084f01fa-e634-4d77-83ee-074817c03581}, PRINTENUM\LocalPrintQueue, {084f01fa-e634-4d77-83ee-074817c03581}};"";"";Microsoft;Microsoft Print to PDF;PrintQueue;SWD\PRINTENUM\{63EC4E11-1456-4B8C-8DB2-7C1D5FEE404F};"";"";True;"";OK;"";Win32_ComputerSystem;NUC
"";Intel(R) Display-Audio;{4d36e96c-e325-11ce-bfc1-08002be10318};{INTELAUDIO\FUNC_01&VEN_8086&DEV_280B&REV_1000, INTELAUDIO\FUNC_01&VEN_8086&DEV_280B, INTELAUDIO\FUNC_01&VEN_8086, INTELAUDIO\FUNC_01};0;False;Win32_PnPEntity;Intel(R) Display-Audio;INTELAUDIO\FUNC_01&VEN_8086&DEV_280B&SUBSYS_80860101&REV_1000\4&37A31CA1&0&0201;"";"";{INTELAUDIO\FUNC_01&VEN_8086&DEV_280B&SUBSYS_80860101&REV_1000, INTELAUDIO\FUNC_01&VEN_8086&DEV_280B&SUBSYS_80860101};"";"";Intel(R) Corporation;Intel(R) Display-Audio;MEDIA;INTELAUDIO\FUNC_01&VEN_8086&DEV_280B&SUBSYS_80860101&REV_1000\4&37A31CA1&0&0201;"";"";True;IntcDAud;OK;"";Win32_ComputerSystem;NUC
"";Bluetooth Device (RFCOMM Protocol TDI);{e0cbf06c-cd8b-4647-bb8a-263b43f0f974};"";0;False;Win32_PnPEntity;Bluetooth Device (RFCOMM Protocol TDI);BTH\MS_RFCOMM\6&2776B02B&0&0;"";"";{BTH\MS_RFCOMM};"";"";Microsoft;Bluetooth Device (RFCOMM Protocol TDI);Bluetooth;BTH\MS_RFCOMM\6&2776B02B&0&0;"";"";True;RFCOMM;OK;"";Win32_ComputerSystem;NUC
"";Bluetooth Device (Personal Area Network);{4d36e972-e325-11ce-bfc1-08002be10318};"";0;False;Win32_PnPEntity;Bluetooth-Gerät (PAN);BTH\MS_BTHPAN\6&2776B02B&0&2;"";"";{BTH\MS_BTHPAN};"";"";Microsoft;Bluetooth Device (Personal Area Network);Net;BTH\MS_BTHPAN\6&2776B02B&0&2;"";"";True;BthPan;OK;"";Win32_ComputerSystem;NUC
"";Microsoft Hyper-V-Virtualisierungsinfrastrukturtreiber;{4d36e97d-e325-11ce-bfc1-08002be10318};"";0;False;Win32_PnPEntity;Microsoft Hyper-V-Virtualisierungsinfrastrukturtreiber;ROOT\VID\0000;"";"";{ROOT\VID};"";"";Microsoft;Microsoft Hyper-V-Virtualisierungsinfrastrukturtreiber;System;ROOT\VID\0000;"";"";True;Vid;OK;"";Win32_ComputerSystem;NUC
"";Hochpräzisionsereigniszeitgeber;{4d36e97d-e325-11ce-bfc1-08002be10318};"";0;False;Win32_PnPEntity;Hochpräzisionsereigniszeitgeber;ACPI\PNP0103\0;"";"";{ACPI\VEN_PNP&DEV_0103, ACPI\PNP0103, *PNP0103};"";"";(Standardsystemgeräte);Hochpräzisionsereigniszeitgeber;System;ACPI\PNP0103\0;"";"";True;"";OK;"";Win32_ComputerSystem;NUC
"";Volume;{71a27cdd-812a-11d0-bec7-08002be2092f};"";0;False;Win32_PnPEntity;Volume;STORAGE\VOLUME\{135CA7D5-5B58-11EB-9543-806E6F6E6963}#0000003B7DC00000;"";"";{STORAGE\Volume};"";"";Microsoft;Volume;Volume;STORAGE\VOLUME\{135CA7D5-5B58-11EB-9543-806E6F6E6963}#0000003B7DC00000;"";"";True;volume;OK;"";Win32_ComputerSystem;NUC
"";OneNote;{1ed2bbf9-11f0-4084-b21f-ad83a8e6dcdc};{GenPrintQueue, SWD\GenericRaw, SWD\Generic};0;False;Win32_PnPEntity;Lokale Druckwarteschlange;SWD\PRINTENUM\{C97C1910-C9D6-49B2-8C30-E845469BC986};"";"";{PRINTENUM\{133619e4-143b-463a-b809-b1f51d05f973}, PRINTENUM\LocalPrintQueue, {133619e4-143b-463a-b809-b1f51d05f973}};"";"";Microsoft;OneNote;PrintQueue;SWD\PRINTENUM\{C97C1910-C9D6-49B2-8C30-E845469BC986};"";"";True;"";OK;"";Win32_ComputerSystem;NUC
"";Realtek Audio Effects Component;{5c4c3332-344d-483c-8739-259e934c9cc8};{SWC\Generic, SWD\GenericRaw, SWD\Generic};0;False;Win32_PnPEntity;Realtek Audio Effects Component;SWD\DRIVERENUM\{C3A63EDD-2D27-4B66-B155-5E94B43D926A}#REALTEKAPO&5&1C39BCDF&0;"";"";{SWC\VEN_10EC&AID_0001};"";"";Realtek;Realtek Audio Effects Component;SoftwareComponent;SWD\DRIVERENUM\{C3A63EDD-2D27-4B66-B155-5E94B43D926A}#REALTEKAPO&5&1C39BCDF&0;"";"";True;"";OK;"";Win32_ComputerSystem;NUC
"";WAN Miniport (IKEv2);{4d36e972-e325-11ce-bfc1-08002be10318};{SWD\Generic};0;False;Win32_PnPEntity;WAN-Miniport (IKEv2);SWD\MSRRAS\MS_AGILEVPNMINIPORT;"";"";{ms_agilevpnminiport};"";"";Microsoft;WAN Miniport (IKEv2);Net;SWD\MSRRAS\MS_AGILEVPNMINIPORT;"";"";True;RasAgileVpn;OK;"";Win32_ComputerSystem;NUC
"";Busenumerator für Verbundgeräte;{4d36e97d-e325-11ce-bfc1-08002be10318};"";0;False;Win32_PnPEntity;Busenumerator für Verbundgeräte;ROOT\COMPOSITEBUS\0000;"";"";{ROOT\CompositeBus};"";"";Microsoft;Busenumerator für Verbundgeräte;System;ROOT\COMPOSITEBUS\0000;"";"";True;CompositeBus;OK;"";Win32_ComputerSystem;NUC
"";Microsoft virtueller Datenträgerenumerator;{4d36e97d-e325-11ce-bfc1-08002be10318};"";0;False;Win32_PnPEntity;Microsoft virtueller Datenträgerenumerator;ROOT\VDRVROOT\0000;"";"";{ROOT\vdrvroot};"";"";Microsoft;Microsoft virtueller Datenträgerenumerator;System;ROOT\VDRVROOT\0000;"";"";True;vdrvroot;OK;"";Win32_ComputerSystem;NUC
"";Microsoft Remote Display Adapter;{4d36e968-e325-11ce-bfc1-08002be10318};{RdpIdd_IndirectDisplay, SWD\Generic};0;False;Win32_PnPEntity;Microsoft Remote Display Adapter;SWD\REMOTEDISPLAYENUM\RDPIDD_INDIRECTDISPLAY&SESSIONID_0002;"";"";{RdpIdd_IndirectDisplay};"";"";Microsoft;Microsoft Remote Display Adapter;Display;SWD\REMOTEDISPLAYENUM\RDPIDD_INDIRECTDISPLAY&SESSIONID_0002;"";"";True;WUDFRd;OK;"";Win32_ComputerSystem;NUC
"";Microsoft-Controller für Speicherplätze;{4d36e97b-e325-11ce-bfc1-08002be10318};{DETECTEDInternal\spaceport, DETECTED\spaceport};0;False;Win32_PnPEntity;Microsoft-Controller für Speicherplätze;ROOT\SPACEPORT\0000;"";"";{Root\Spaceport};"";"";Microsoft;Microsoft-Controller für Speicherplätze;SCSIAdapter;ROOT\SPACEPORT\0000;"";"";True;spaceport;OK;"";Win32_ComputerSystem;NUC
"";Intel(R) Core(TM) i3-8109U CPU @ 3.00GHz;{50127dc3-0f36-415e-a6cc-4cb3be910b65};{ACPI\Processor};0;False;Win32_PnPEntity;Intel-Prozessor;ACPI\GENUINEINTEL_-_INTEL64_FAMILY_6_MODEL_142_-_INTEL(R)_CORE(TM)_I3-8109U_CPU_@_3.00GHZ\_1;"";"";{ACPI\GenuineIntel_-_Intel64_Family_6_Model_142, *GenuineIntel_-_Intel64_Family_6_Model_142, ACPI\GenuineIntel_-_Intel64_Family_6, *GenuineIntel_-_Intel64_Family_6, ACPI\GenuineIntel_-_Intel64, *GenuineIntel_-_Intel64};"";"";Intel;Intel(R) Core(TM) i3-8109U CPU @ 3.00GHz;Processor;ACPI\GENUINEINTEL_-_INTEL64_FAMILY_6_MODEL_142_-_INTEL(R)_CORE(TM)_I3-8109U_CPU_@_3.00GHZ\_1;"";"";True;intelppm;OK;"";Win32_ComputerSystem;NUC
"";Intel(R) Core(TM) i3-8109U CPU @ 3.00GHz;{50127dc3-0f36-415e-a6cc-4cb3be910b65};{ACPI\Processor};0;False;Win32_PnPEntity;Intel-Prozessor;ACPI\GENUINEINTEL_-_INTEL64_FAMILY_6_MODEL_142_-_INTEL(R)_CORE(TM)_I3-8109U_CPU_@_3.00GHZ\_2;"";"";{ACPI\GenuineIntel_-_Intel64_Family_6_Model_142, *GenuineIntel_-_Intel64_Family_6_Model_142, ACPI\GenuineIntel_-_Intel64_Family_6, *GenuineIntel_-_Intel64_Family_6, ACPI\GenuineIntel_-_Intel64, *GenuineIntel_-_Intel64};"";"";Intel;Intel(R) Core(TM) i3-8109U CPU @ 3.00GHz;Processor;ACPI\GENUINEINTEL_-_INTEL64_FAMILY_6_MODEL_142_-_INTEL(R)_CORE(TM)_I3-8109U_CPU_@_3.00GHZ\_2;"";"";True;intelppm;OK;"";Win32_ComputerSystem;NUC
"";Intel(R) Core(TM) i3-8109U CPU @ 3.00GHz;{50127dc3-0f36-415e-a6cc-4cb3be910b65};{ACPI\Processor};0;False;Win32_PnPEntity;Intel-Prozessor;ACPI\GENUINEINTEL_-_INTEL64_FAMILY_6_MODEL_142_-_INTEL(R)_CORE(TM)_I3-8109U_CPU_@_3.00GHZ\_3;"";"";{ACPI\GenuineIntel_-_Intel64_Family_6_Model_142, *GenuineIntel_-_Intel64_Family_6_Model_142, ACPI\GenuineIntel_-_Intel64_Family_6, *GenuineIntel_-_Intel64_Family_6, ACPI\GenuineIntel_-_Intel64, *GenuineIntel_-_Intel64};"";"";Intel;Intel(R) Core(TM) i3-8109U CPU @ 3.00GHz;Processor;ACPI\GENUINEINTEL_-_INTEL64_FAMILY_6_MODEL_142_-_INTEL(R)_CORE(TM)_I3-8109U_CPU_@_3.00GHZ\_3;"";"";True;intelppm;OK;"";Win32_ComputerSystem;NUC
"";Intel(R) Core(TM) i3-8109U CPU @ 3.00GHz;{50127dc3-0f36-415e-a6cc-4cb3be910b65};{ACPI\Processor};0;False;Win32_PnPEntity;Intel-Prozessor;ACPI\GENUINEINTEL_-_INTEL64_FAMILY_6_MODEL_142_-_INTEL(R)_CORE(TM)_I3-8109U_CPU_@_3.00GHZ\_4;"";"";{ACPI\GenuineIntel_-_Intel64_Family_6_Model_142, *GenuineIntel_-_Intel64_Family_6_Model_142, ACPI\GenuineIntel_-_Intel64_Family_6, *GenuineIntel_-_Intel64_Family_6, ACPI\GenuineIntel_-_Intel64, *GenuineIntel_-_Intel64};"";"";Intel;Intel(R) Core(TM) i3-8109U CPU @ 3.00GHz;Processor;ACPI\GENUINEINTEL_-_INTEL64_FAMILY_6_MODEL_142_-_INTEL(R)_CORE(TM)_I3-8109U_CPU_@_3.00GHZ\_4;"";"";True;intelppm;OK;"";Win32_ComputerSystem;NUC
"";Intel(R) Thermal Subsystem - 9DF9;{4d36e97d-e325-11ce-bfc1-08002be10318};{PCI\VEN_8086&DEV_9DF9&REV_30, PCI\VEN_8086&DEV_9DF9, PCI\VEN_8086&CC_118000, PCI\VEN_8086&CC_1180, PCI\VEN_8086, PCI\CC_118000, PCI\CC_1180};0;False;Win32_PnPEntity;Intel(R) Thermal Subsystem - 9DF9;PCI\VEN_8086&DEV_9DF9&SUBSYS_20748086&REV_30\3&11583659&0&90;"";"";{PCI\VEN_8086&DEV_9DF9&SUBSYS_20748086&REV_30, PCI\VEN_8086&DEV_9DF9&SUBSYS_20748086, PCI\VEN_8086&DEV_9DF9&CC_118000, PCI\VEN_8086&DEV_9DF9&CC_1180};"";"";INTEL;Intel(R) Thermal Subsystem - 9DF9;System;PCI\VEN_8086&DEV_9DF9&SUBSYS_20748086&REV_30\3&11583659&0&90;"";"";True;"";OK;"";Win32_ComputerSystem;NUC
"";Maus für Remotedesktop;{4d36e96f-e325-11ce-bfc1-08002be10318};{TI_COMPAT_DEVICE};0;False;Win32_PnPEntity;Maus für Remotedesktop;TERMINPUT_BUS\UMB\2&2C22BCC9&0&SESSION2MOUSE0;"";"";{TS_INPT\TS_MOU};"";"";(Standardsystemgeräte);Maus für Remotedesktop;Mouse;TERMINPUT_BUS\UMB\2&2C22BCC9&0&SESSION2MOUSE0;"";"";True;terminpt;OK;"";Win32_ComputerSystem;NUC
"";Microsoft Kernel Debug Network Adapter;{4d36e972-e325-11ce-bfc1-08002be10318};"";0;False;Win32_PnPEntity;Microsoft Kerneldebugger-Netzwerkadapter;ROOT\KDNIC\0000;"";"";{root\kdnic};"";"";Microsoft;Microsoft Kernel Debug Network Adapter;Net;ROOT\KDNIC\0000;"";"";True;kdnic;OK;"";Win32_ComputerSystem;NUC
"";Standard-Volumeschattenkopie;{533c5b84-ec70-11d2-9505-00c04f79deaf};"";0;False;Win32_PnPEntity;Standard-Volumeschattenkopie;STORAGE\VOLUMESNAPSHOT\HARDDISKVOLUMESNAPSHOT1;"";"";{STORAGE\VolumeSnapshot};"";"";Microsoft;Standard-Volumeschattenkopie;VolumeSnapshot;STORAGE\VOLUMESNAPSHOT\HARDDISKVOLUMESNAPSHOT1;"";"";True;"";OK;"";Win32_ComputerSystem;NUC
"";Thunderbolt(TM) HSA Component;{5c4c3332-344d-483c-8739-259e934c9cc8};{SWC\Generic, SWD\GenericRaw, SWD\Generic};0;False;Win32_PnPEntity;Thunderbolt(TM) HSA Component;SWD\DRIVERENUM\THUNDERBOLTHOSTCONTROLLERHSA&7&3392C48C&0;"";"";{SWC\PROVIDER_Intel&&COMPONENT_ThunderboltHSA};"";"";Intel(R) Corporation;Thunderbolt(TM) HSA Component;SoftwareComponent;SWD\DRIVERENUM\THUNDERBOLTHOSTCONTROLLERHSA&7&3392C48C&0;"";"";True;"";OK;"";Win32_ComputerSystem;NUC
"";HID-Tastatur;{4d36e96b-e325-11ce-bfc1-08002be10318};"";0;False;Win32_PnPEntity;HID-Tastatur;HID\VID_FFFF&PID_BACE&REV_0002&MI_00&COL02\3&258C3FBC&0&0001;"";"";{HID\VID_FFFF&PID_BACE&REV_0002&MI_00&Col02, HID\VID_FFFF&PID_BACE&MI_00&Col02, HID\VID_FFFF&UP:0001_U:0006, HID_DEVICE_SYSTEM_KEYBOARD, HID_DEVICE_UP:0001_U:0006, HID_DEVICE};"";"";(Standardtastaturen);HID-Tastatur;Keyboard;HID\VID_FFFF&PID_BACE&REV_0002&MI_00&COL02\3&258C3FBC&0&0001;"";"";True;kbdhid;OK;"";Win32_ComputerSystem;NUC
"";UMBusenumerator;{4d36e97d-e325-11ce-bfc1-08002be10318};"";0;False;Win32_PnPEntity;UMBusenumerator;UMB\UMB\1&841921D&0&TS_USB_HUB_ENUMERATOR;"";"";{UMB\UMBUS};"";"";Microsoft;UMBusenumerator;System;UMB\UMB\1&841921D&0&TS_USB_HUB_ENUMERATOR;"";"";True;umbus;OK;"";Win32_ComputerSystem;NUC
"";Hauptplatinenressourcen;{4d36e97d-e325-11ce-bfc1-08002be10318};"";0;False;Win32_PnPEntity;Hauptplatinenressourcen;ACPI\PNP0C02\PCHRESV;"";"";{ACPI\VEN_PNP&DEV_0C02, ACPI\PNP0C02, *PNP0C02};"";"";(Standardsystemgeräte);Hauptplatinenressourcen;System;ACPI\PNP0C02\PCHRESV;"";"";True;"";OK;"";Win32_ComputerSystem;NUC
"";Intel(R) PCI Express Root Port #15 - 9DB6;{4d36e97d-e325-11ce-bfc1-08002be10318};{PCI\VEN_8086&DEV_9DB6&REV_F0, PCI\VEN_8086&DEV_9DB6, PCI\VEN_8086&CC_060400, PCI\VEN_8086&CC_0604, PCI\VEN_8086, PCI\CC_060400&DT_4, PCI\CC_060400, PCI\CC_0604&DT_4, PCI\CC_0604};0;False;Win32_PnPEntity;Intel(R) PCI Express Root Port #15 - 9DB6;PCI\VEN_8086&DEV_9DB6&SUBSYS_20748086&REV_F0\3&11583659&0&EE;"";"";{PCI\VEN_8086&DEV_9DB6&SUBSYS_20748086&REV_F0, PCI\VEN_8086&DEV_9DB6&SUBSYS_20748086, PCI\VEN_8086&DEV_9DB6&CC_060400, PCI\VEN_8086&DEV_9DB6&CC_0604};"";"";INTEL;Intel(R) PCI Express Root Port #15 - 9DB6;System;PCI\VEN_8086&DEV_9DB6&SUBSYS_20748086&REV_F0\3&11583659&0&EE;"";"";True;pci;OK;"";Win32_ComputerSystem;NUC
"";USB-Root-Hub (USB 3.0);{36fc9e60-c465-11cf-8056-444553540000};"";0;False;Win32_PnPEntity;USB-Root-Hub (USB 3.0);USB\ROOT_HUB30\4&2FBF7A17&0&0;"";"";{USB\ROOT_HUB30&VID8086&PID9DED&REV0030, USB\ROOT_HUB30&VID8086&PID9DED, USB\ROOT_HUB30};"";"";(Standardmäßige USB-HUBs);USB-Root-Hub (USB 3.0);USB;USB\ROOT_HUB30\4&2FBF7A17&0&0;"";"";True;USBHUB3;OK;"";Win32_ComputerSystem;NUC
"";Intel(R) Host Bridge/DRAM Registers - 3ECC;{4d36e97d-e325-11ce-bfc1-08002be10318};{PCI\VEN_8086&DEV_3ECC&REV_08, PCI\VEN_8086&DEV_3ECC, PCI\VEN_8086&CC_060000, PCI\VEN_8086&CC_0600, PCI\VEN_8086, PCI\CC_060000, PCI\CC_0600};0;False;Win32_PnPEntity;Intel(R) Host Bridge/DRAM Registers - 3ECC;PCI\VEN_8086&DEV_3ECC&SUBSYS_20748086&REV_08\3&11583659&0&00;"";"";{PCI\VEN_8086&DEV_3ECC&SUBSYS_20748086&REV_08, PCI\VEN_8086&DEV_3ECC&SUBSYS_20748086, PCI\VEN_8086&DEV_3ECC&CC_060000, PCI\VEN_8086&DEV_3ECC&CC_0600};"";"";INTEL;Intel(R) Host Bridge/DRAM Registers - 3ECC;System;PCI\VEN_8086&DEV_3ECC&SUBSYS_20748086&REV_08\3&11583659&0&00;"";"";True;"";OK;"";Win32_ComputerSystem;NUC
"";I/O LPC Controller - 9D84 for mobile 8th Gen Intel(R) Core(TM) processor family;{4d36e97d-e325-11ce-bfc1-08002be10318};{PCI\VEN_8086&DEV_9D84&REV_30, PCI\VEN_8086&DEV_9D84, PCI\VEN_8086&CC_060100, PCI\VEN_8086&CC_0601, PCI\VEN_8086, PCI\CC_060100, PCI\CC_0601};0;False;Win32_PnPEntity;I/O LPC Controller - 9D84 for mobile 8th Gen Intel(R) Core(TM) processor family;PCI\VEN_8086&DEV_9D84&SUBSYS_20748086&REV_30\3&11583659&0&F8;"";"";{PCI\VEN_8086&DEV_9D84&SUBSYS_20748086&REV_30, PCI\VEN_8086&DEV_9D84&SUBSYS_20748086, PCI\VEN_8086&DEV_9D84&CC_060100, PCI\VEN_8086&DEV_9D84&CC_0601};"";"";INTEL;I/O LPC Controller - 9D84 for mobile 8th Gen Intel(R) Core(TM) processor family;System;PCI\VEN_8086&DEV_9D84&SUBSYS_20748086&REV_30\3&11583659&0&F8;"";"";True;msisadrv;OK;"";Win32_ComputerSystem;NUC
"";WLAN;{62f9c741-b25a-46ce-b54c-9bccce08b6f2};{SWD\GenericRaw, SWD\Generic};0;False;Win32_PnPEntity;Generisches Softwaregerät;SWD\RADIO\{EAF5CFE7-9C9C-46C3-88C0-2A6D150BEA03};"";"";"";"";"";Microsoft;WLAN;SoftwareDevice;SWD\RADIO\{EAF5CFE7-9C9C-46C3-88C0-2A6D150BEA03};"";"";True;"";OK;"";Win32_ComputerSystem;NUC
"";Nicht-PnP Monitor (Standard);{4d36e96e-e325-11ce-bfc1-08002be10318};{*PNP09FF};0;False;Win32_PnPEntity;Nicht-PnP Monitor (Standard);DISPLAY\DEFAULT_MONITOR\1&1F0C3C2F&0&UID256;"";"";{MONITOR\Default_Monitor};"";"";(Standardmonitortypen);Nicht-PnP Monitor (Standard);Monitor;DISPLAY\DEFAULT_MONITOR\1&1F0C3C2F&0&UID256;"";"";True;monitor;OK;"";Win32_ComputerSystem;NUC
"";OneNote (Desktop) (umgeleitet 2);{1ed2bbf9-11f0-4084-b21f-ad83a8e6dcdc};{GenPrintQueue, SWD\GenericRaw, SWD\Generic};0;False;Win32_PnPEntity;Lokale Druckwarteschlange;SWD\PRINTENUM\{9E1595FE-C72C-4DDE-811F-EF19C0AD95DD};"";"";{PRINTENUM\LocalPrintQueue};"";"";Microsoft;OneNote (Desktop) (umgeleitet 2);PrintQueue;SWD\PRINTENUM\{9E1595FE-C72C-4DDE-811F-EF19C0AD95DD};"";"";True;"";OK;"";Win32_ComputerSystem;NUC
"";Remoteaudio;{c166523c-fe0c-4a94-a586-f1a80cfbbf3e};{GenericAudioEndpoint, SWD\GenericRaw, SWD\Generic};0;False;Win32_PnPEntity;Audioendpunkt;SWD\MMDEVAPI\{3.0.0.00000002}.{6C26BA7D-F0B2-4225-B422-8168C5261E45};"";"";{MMDEVAPI\AudioEndpoints};"";"";Microsoft;Remoteaudio;AudioEndpoint;SWD\MMDEVAPI\{3.0.0.00000002}.{6C26BA7D-F0B2-4225-B422-8168C5261E45};"";"";True;"";OK;"";Win32_ComputerSystem;NUC
"";HID-konformer Systemcontroller;{745a17a0-74d3-11d0-b6fe-00a0c90f57da};"";0;False;Win32_PnPEntity;HID-konformer Systemcontroller;HID\VID_045E&PID_0750&MI_01&COL02\7&35502081&0&0001;"";"";{HID\VID_045E&PID_0750&REV_0110&MI_01&Col02, HID\VID_045E&PID_0750&MI_01&Col02, HID\VID_045E&UP:0001_U:0080, HID_DEVICE_SYSTEM_CONTROL, HID_DEVICE_UP:0001_U:0080, HID_DEVICE};"";"";(Standardsystemgeräte);HID-konformer Systemcontroller;HIDClass;HID\VID_045E&PID_0750&MI_01&COL02\7&35502081&0&0001;"";"";True;"";OK;"";Win32_ComputerSystem;NUC
"";Systemzeitgeber;{4d36e97d-e325-11ce-bfc1-08002be10318};"";0;False;Win32_PnPEntity;Systemzeitgeber;ACPI\PNP0100\4&38663FB2&0;"";"";{ACPI\VEN_PNP&DEV_0100, ACPI\PNP0100, *PNP0100};"";"";(Standardsystemgeräte);Systemzeitgeber;System;ACPI\PNP0100\4&38663FB2&0;"";"";True;"";OK;"";Win32_ComputerSystem;NUC
"";Intel(R) Smart Sound Technologie-Audiocontroller;{4d36e97d-e325-11ce-bfc1-08002be10318};{PCI\VEN_8086&DEV_9DC8&REV_30, PCI\VEN_8086&DEV_9DC8, PCI\VEN_8086&CC_040380, PCI\VEN_8086&CC_0403, PCI\VEN_8086, PCI\CC_040380, PCI\CC_0403};0;False;Win32_PnPEntity;Intel(R) Smart Sound Technologie-Audiocontroller;PCI\VEN_8086&DEV_9DC8&SUBSYS_20748086&REV_30\3&11583659&0&FB;"";"";{PCI\VEN_8086&DEV_9DC8&SUBSYS_20748086&REV_30, PCI\VEN_8086&DEV_9DC8&SUBSYS_20748086, PCI\VEN_8086&DEV_9DC8&CC_040380, PCI\VEN_8086&DEV_9DC8&CC_0403};"";"";Intel(R) Corporation;Intel(R) Smart Sound Technologie-Audiocontroller;System;PCI\VEN_8086&DEV_9DC8&SUBSYS_20748086&REV_30\3&11583659&0&FB;"";"";True;IntcAudioBus;OK;"";Win32_ComputerSystem;NUC
"";UMBus-Stamm-Busenumerator;{4d36e97d-e325-11ce-bfc1-08002be10318};"";0;False;Win32_PnPEntity;UMBus-Stamm-Busenumerator;ROOT\UMBUS\0000;"";"";{root\umbus};"";"";Microsoft;UMBus-Stamm-Busenumerator;System;ROOT\UMBUS\0000;"";"";True;umbus;OK;"";Win32_ComputerSystem;NUC
"";Microsoft Windows-Verwaltungsschnittstelle für ACPI;{4d36e97d-e325-11ce-bfc1-08002be10318};"";0;False;Win32_PnPEntity;Microsoft Windows-Verwaltungsschnittstelle für ACPI;ACPI\PNP0C14\SAMPLEDEV;"";"";{ACPI\VEN_PNP&DEV_0C14, ACPI\PNP0C14, *PNP0C14};"";"";Microsoft;Microsoft Windows-Verwaltungsschnittstelle für ACPI;System;ACPI\PNP0C14\SAMPLEDEV;"";"";True;WmiAcpi;OK;"";Win32_ComputerSystem;NUC
"";Intel(R) SMBus - 9DA3;{4d36e97d-e325-11ce-bfc1-08002be10318};{PCI\VEN_8086&DEV_9DA3&REV_30, PCI\VEN_8086&DEV_9DA3, PCI\VEN_8086&CC_0C0500, PCI\VEN_8086&CC_0C05, PCI\VEN_8086, PCI\CC_0C0500, PCI\CC_0C05};0;False;Win32_PnPEntity;Intel(R) SMBus - 9DA3;PCI\VEN_8086&DEV_9DA3&SUBSYS_20748086&REV_30\3&11583659&0&FC;"";"";{PCI\VEN_8086&DEV_9DA3&SUBSYS_20748086&REV_30, PCI\VEN_8086&DEV_9DA3&SUBSYS_20748086, PCI\VEN_8086&DEV_9DA3&CC_0C0500, PCI\VEN_8086&DEV_9DA3&CC_0C05};"";"";INTEL;Intel(R) SMBus - 9DA3;System;PCI\VEN_8086&DEV_9DA3&SUBSYS_20748086&REV_30\3&11583659&0&FC;"";"";True;"";OK;"";Win32_ComputerSystem;NUC
"";Intel(R) Smart Sound Technologie-OED;{4d36e97d-e325-11ce-bfc1-08002be10318};{INTELAUDIO\DSP_CTLR_DEV_9DC8&VEN_8086&DEV_0222&REV_0030, INTELAUDIO\DSP_CTLR_DEV_9DC8&VEN_8086&DEV_0222, INTELAUDIO\DSP_CTLR_DEV_9DC8&VEN_8086, INTELAUDIO\DSP_CTLR_DEV_9DC8};0;False;Win32_PnPEntity;Intel(R) Smart Sound Technologie-OED;INTELAUDIO\DSP_CTLR_DEV_9DC8&VEN_8086&DEV_0222&SUBSYS_20748086&REV_0030\4&37A31CA1&0&0800;"";"";{INTELAUDIO\DSP_CTLR_DEV_9DC8&VEN_8086&DEV_0222&SUBSYS_20748086&REV_0030, INTELAUDIO\DSP_CTLR_DEV_9DC8&VEN_8086&DEV_0222&SUBSYS_20748086};"";"";Intel(R) Corporation;Intel(R) Smart Sound Technologie-OED;System;INTELAUDIO\DSP_CTLR_DEV_9DC8&VEN_8086&DEV_0222&SUBSYS_20748086&REV_0030\4&37A31CA1&0&0800;"";"";True;IntcOED;OK;"";Win32_ComputerSystem;NUC
"";Microsoft Radio Device Enumeration Bus;{62f9c741-b25a-46ce-b54c-9bccce08b6f2};{SWD\GenericRaw, SWD\Generic};0;False;Win32_PnPEntity;Generisches Softwaregerät;SWD\RADIO\{3DB5895D-CC28-44B3-AD3D-6F01A782B8D2};"";"";"";"";"";Microsoft;Microsoft Radio Device Enumeration Bus;SoftwareDevice;SWD\RADIO\{3DB5895D-CC28-44B3-AD3D-6F01A782B8D2};"";"";True;"";OK;"";Win32_ComputerSystem;NUC
"";Microsoft Device Association Root Enumerator;{62f9c741-b25a-46ce-b54c-9bccce08b6f2};{SWD\GenericRaw, SWD\Generic};0;False;Win32_PnPEntity;Generisches Softwaregerät;SWD\MSDAS\{CE958E9A-424F-4C88-86F4-11314821E75A};"";"";"";"";"";Microsoft;Microsoft Device Association Root Enumerator;SoftwareDevice;SWD\MSDAS\{CE958E9A-424F-4C88-86F4-11314821E75A};"";"";True;"";OK;"";Win32_ComputerSystem;NUC
"";ACPI x64-basierter PC;{4d36e966-e325-11ce-bfc1-08002be10318};{DETECTEDInternal\ACPI_HAL, DETECTED\ACPI_HAL};0;False;Win32_PnPEntity;ACPI x64-basierter PC;ROOT\ACPI_HAL\0000;"";"";{acpiapic};"";"";(Standardcomputer);ACPI x64-basierter PC;Computer;ROOT\ACPI_HAL\0000;"";"";True;\Driver\ACPI_HAL;OK;"";Win32_ComputerSystem;NUC
"";Fax (umgeleitet 2);{1ed2bbf9-11f0-4084-b21f-ad83a8e6dcdc};{GenPrintQueue, SWD\GenericRaw, SWD\Generic};0;False;Win32_PnPEntity;Lokale Druckwarteschlange;SWD\PRINTENUM\{000E4B6A-529F-486F-810F-75291373F148};"";"";{PRINTENUM\LocalPrintQueue};"";"";Microsoft;Fax (umgeleitet 2);PrintQueue;SWD\PRINTENUM\{000E4B6A-529F-486F-810F-75291373F148};"";"";True;"";OK;"";Win32_ComputerSystem;NUC
"";WAN Miniport (Network Monitor);{4d36e972-e325-11ce-bfc1-08002be10318};{SWD\Generic};0;False;Win32_PnPEntity;WAN-Miniport (Netzwerkmonitor);SWD\MSRRAS\MS_NDISWANBH;"";"";{ms_ndiswanbh};"";"";Microsoft;WAN Miniport (Network Monitor);Net;SWD\MSRRAS\MS_NDISWANBH;"";"";True;NdisWan;OK;"";Win32_ComputerSystem;NUC
"";WAN Miniport (IP);{4d36e972-e325-11ce-bfc1-08002be10318};{SWD\Generic};0;False;Win32_PnPEntity;WAN-Miniport (IP);SWD\MSRRAS\MS_NDISWANIP;"";"";{ms_ndiswanip};"";"";Microsoft;WAN Miniport (IP);Net;SWD\MSRRAS\MS_NDISWANIP;"";"";True;NdisWan;OK;"";Win32_ComputerSystem;NUC
"";Microsoft Windows-Verwaltungsschnittstelle für ACPI;{4d36e97d-e325-11ce-bfc1-08002be10318};"";0;False;Win32_PnPEntity;Microsoft Windows-Verwaltungsschnittstelle für ACPI;ACPI\PNP0C14\TESTDEV;"";"";{ACPI\VEN_PNP&DEV_0C14, ACPI\PNP0C14, *PNP0C14};"";"";Microsoft;Microsoft Windows-Verwaltungsschnittstelle für ACPI;System;ACPI\PNP0C14\TESTDEV;"";"";True;WmiAcpi;OK;"";Win32_ComputerSystem;NUC
"";Stammkomplex für PCI-Express;{4d36e97d-e325-11ce-bfc1-08002be10318};{*PNP0A03};0;False;Win32_PnPEntity;Stammkomplex für PCI-Express;ACPI\PNP0A08\0;"";"";{ACPI\VEN_PNP&DEV_0A08, ACPI\PNP0A08, *PNP0A08};"";"";(Standardsystemgeräte);Stammkomplex für PCI-Express;System;ACPI\PNP0A08\0;"";"";True;pci;OK;"";Win32_ComputerSystem;NUC
"";HID-konformes Benutzersteuergerät;{745a17a0-74d3-11d0-b6fe-00a0c90f57da};"";0;False;Win32_PnPEntity;HID-konformes Benutzersteuergerät;HID\VID_FFFF&PID_BACE&REV_0002&MI_00&COL03\3&258C3FBC&0&0002;"";"";{HID\VID_FFFF&PID_BACE&REV_0002&MI_00&Col03, HID\VID_FFFF&PID_BACE&MI_00&Col03, HID\VID_FFFF&UP:000C_U:0001, HID_DEVICE_SYSTEM_CONSUMER, HID_DEVICE_UP:000C_U:0001, HID_DEVICE};"";"";Microsoft;HID-konformes Benutzersteuergerät;HIDClass;HID\VID_FFFF&PID_BACE&REV_0002&MI_00&COL03\3&258C3FBC&0&0002;"";"";True;"";OK;"";Win32_ComputerSystem;NUC
"";Intel(R) PCI Express Root Port #5 - 9DBC;{4d36e97d-e325-11ce-bfc1-08002be10318};{PCI\VEN_8086&DEV_9DBC&REV_F0, PCI\VEN_8086&DEV_9DBC, PCI\VEN_8086&CC_060400, PCI\VEN_8086&CC_0604, PCI\VEN_8086, PCI\CC_060400&DT_4, PCI\CC_060400, PCI\CC_0604&DT_4, PCI\CC_0604};0;False;Win32_PnPEntity;Intel(R) PCI Express Root Port #5 - 9DBC;PCI\VEN_8086&DEV_9DBC&SUBSYS_20748086&REV_F0\3&11583659&0&E4;"";"";{PCI\VEN_8086&DEV_9DBC&SUBSYS_20748086&REV_F0, PCI\VEN_8086&DEV_9DBC&SUBSYS_20748086, PCI\VEN_8086&DEV_9DBC&CC_060400, PCI\VEN_8086&DEV_9DBC&CC_0604};"";"";INTEL;Intel(R) PCI Express Root Port #5 - 9DBC;System;PCI\VEN_8086&DEV_9DBC&SUBSYS_20748086&REV_F0\3&11583659&0&E4;"";"";True;pci;OK;"";Win32_ComputerSystem;NUC
"";ACPI-Einschaltknopf;{4d36e97d-e325-11ce-bfc1-08002be10318};"";0;False;Win32_PnPEntity;ACPI-Einschaltknopf;ACPI\PNP0C0C\2&DABA3FF&0;"";"";{ACPI\VEN_PNP&DEV_0C0C, ACPI\PNP0C0C, *PNP0C0C};"";"";(Standardsystemgeräte);ACPI-Einschaltknopf;System;ACPI\PNP0C0C\2&DABA3FF&0;"";"";True;"";OK;"";Win32_ComputerSystem;NUC
"";Microsoft ACPI-konformes System;{4d36e97d-e325-11ce-bfc1-08002be10318};"";0;False;Win32_PnPEntity;Microsoft ACPI-konformes System;ACPI_HAL\PNP0C08\0;"";"";{ACPI_HAL\PNP0C08, *PNP0C08};"";"";Microsoft;Microsoft ACPI-konformes System;System;ACPI_HAL\PNP0C08\0;"";"";True;ACPI;OK;"";Win32_ComputerSystem;NUC
"";"";"";"";0;False;Win32_PnPEntity;"";HTREE\ROOT\0;"";"";"";"";"";"";"";"";HTREE\ROOT\0;"";"";True;"";OK;"";Win32_ComputerSystem;NUC
"";Intel(R) Iris(R) Plus Graphics 655;{4d36e968-e325-11ce-bfc1-08002be10318};{PCI\VEN_8086&DEV_3EA5&REV_01, PCI\VEN_8086&DEV_3EA5, PCI\VEN_8086&CC_030000, PCI\VEN_8086&CC_0300, PCI\VEN_8086, PCI\CC_030000&DT_9, PCI\CC_030000, PCI\CC_0300&DT_9, PCI\CC_0300};0;False;Win32_PnPEntity;Intel(R) Iris(R) Plus Graphics 655;PCI\VEN_8086&DEV_3EA5&SUBSYS_20748086&REV_01\3&11583659&0&10;"";"";{PCI\VEN_8086&DEV_3EA5&SUBSYS_20748086&REV_01, PCI\VEN_8086&DEV_3EA5&SUBSYS_20748086, PCI\VEN_8086&DEV_3EA5&CC_030000, PCI\VEN_8086&DEV_3EA5&CC_0300};"";"";Intel Corporation;Intel(R) Iris(R) Plus Graphics 655;Display;PCI\VEN_8086&DEV_3EA5&SUBSYS_20748086&REV_01\3&11583659&0&10;"";"";True;igfx;OK;"";Win32_ComputerSystem;NUC
"";Microsoft Basic Render Driver;{4d36e97d-e325-11ce-bfc1-08002be10318};"";0;False;Win32_PnPEntity;Microsoft Basic Render Driver;ROOT\BASICRENDER\0000;"";"";{ROOT\BasicRender};"";"";Microsoft;Microsoft Basic Render Driver;System;ROOT\BASICRENDER\0000;"";"";True;BasicRender;OK;"";Win32_ComputerSystem;NUC
"";Thunderbolt(TM) Controller - 15D9;{4d36e97d-e325-11ce-bfc1-08002be10318};{PCI\VEN_8086&DEV_15D9&REV_02, PCI\VEN_8086&DEV_15D9, PCI\VEN_8086&CC_088000, PCI\VEN_8086&CC_0880, PCI\VEN_8086, PCI\CC_088000&DT_0, PCI\CC_088000, PCI\CC_0880&DT_0, PCI\CC_0880};0;False;Win32_PnPEntity;Thunderbolt(TM) Controller - 15D9;PCI\VEN_8086&DEV_15D9&SUBSYS_20748086&REV_02\24F5D48923B3020000;"";"";{PCI\VEN_8086&DEV_15D9&SUBSYS_20748086&REV_02, PCI\VEN_8086&DEV_15D9&SUBSYS_20748086, PCI\VEN_8086&DEV_15D9&CC_088000, PCI\VEN_8086&DEV_15D9&CC_0880};"";"";Intel(R) Corporation;Thunderbolt(TM) Controller - 15D9;System;PCI\VEN_8086&DEV_15D9&SUBSYS_20748086&REV_02\24F5D48923B3020000;"";"";True;nhi;OK;"";Win32_ComputerSystem;NUC
"";Remotedesktop-Kamerabus;{4d36e97d-e325-11ce-bfc1-08002be10318};"";0;False;Win32_PnPEntity;UMBusenumerator;UMB\UMB\1&841921D&0&RDCAMERA_BUS;"";"";{UMB\UMBUS};"";"";Microsoft;Remotedesktop-Kamerabus;System;UMB\UMB\1&841921D&0&RDCAMERA_BUS;"";"";True;umbus;OK;"";Win32_ComputerSystem;NUC
"";UMBusenumerator;{4d36e97d-e325-11ce-bfc1-08002be10318};"";0;False;Win32_PnPEntity;UMBusenumerator;UMB\UMB\1&841921D&0&TSBUS;"";"";{UMB\UMBUS};"";"";Microsoft;UMBusenumerator;System;UMB\UMB\1&841921D&0&TSBUS;"";"";True;umbus;OK;"";Win32_ComputerSystem;NUC
"";Volume;{71a27cdd-812a-11d0-bec7-08002be2092f};"";0;False;Win32_PnPEntity;Volume;STORAGE\VOLUME\{135CA7D5-5B58-11EB-9543-806E6F6E6963}#0000000000100000;"";"";{STORAGE\Volume};"";"";Microsoft;Volume;Volume;STORAGE\VOLUME\{135CA7D5-5B58-11EB-9543-806E6F6E6963}#0000000000100000;"";"";True;volume;OK;"";Win32_ComputerSystem;NUC
"";WAN Miniport (SSTP);{4d36e972-e325-11ce-bfc1-08002be10318};{SWD\Generic};0;False;Win32_PnPEntity;WAN-Miniport (SSTP);SWD\MSRRAS\MS_SSTPMINIPORT;"";"";{ms_sstpminiport};"";"";Microsoft;WAN Miniport (SSTP);Net;SWD\MSRRAS\MS_SSTPMINIPORT;"";"";True;RasSstp;OK;"";Win32_ComputerSystem;NUC
"";Intel(R) PCI Express Root Port #9 - 9DB0;{4d36e97d-e325-11ce-bfc1-08002be10318};{PCI\VEN_8086&DEV_9DB0&REV_F0, PCI\VEN_8086&DEV_9DB0, PCI\VEN_8086&CC_060400, PCI\VEN_8086&CC_0604, PCI\VEN_8086, PCI\CC_060400&DT_4, PCI\CC_060400, PCI\CC_0604&DT_4, PCI\CC_0604};0;False;Win32_PnPEntity;Intel(R) PCI Express Root Port #9 - 9DB0;PCI\VEN_8086&DEV_9DB0&SUBSYS_20748086&REV_F0\3&11583659&0&E8;"";"";{PCI\VEN_8086&DEV_9DB0&SUBSYS_20748086&REV_F0, PCI\VEN_8086&DEV_9DB0&SUBSYS_20748086, PCI\VEN_8086&DEV_9DB0&CC_060400, PCI\VEN_8086&DEV_9DB0&CC_0604};"";"";INTEL;Intel(R) PCI Express Root Port #9 - 9DB0;System;PCI\VEN_8086&DEV_9DB0&SUBSYS_20748086&REV_F0\3&11583659&0&E8;"";"";True;pci;OK;"";Win32_ComputerSystem;NUC
"";Microsoft UEFI-konformes System;{4d36e97d-e325-11ce-bfc1-08002be10318};"";0;False;Win32_PnPEntity;Microsoft UEFI-konformes System;ACPI_HAL\UEFI\0;"";"";{ACPI_HAL\UEFI};"";"";Microsoft;Microsoft UEFI-konformes System;System;ACPI_HAL\UEFI\0;"";"";True;UEFI;OK;"";Win32_ComputerSystem;NUC
"";Intel(R) PCI Express Root Port #1 - 9DB8;{4d36e97d-e325-11ce-bfc1-08002be10318};{PCI\VEN_8086&DEV_9DB8&REV_F0, PCI\VEN_8086&DEV_9DB8, PCI\VEN_8086&CC_060400, PCI\VEN_8086&CC_0604, PCI\VEN_8086, PCI\CC_060400&DT_4, PCI\CC_060400, PCI\CC_0604&DT_4, PCI\CC_0604};0;False;Win32_PnPEntity;Intel(R) PCI Express Root Port #1 - 9DB8;PCI\VEN_8086&DEV_9DB8&SUBSYS_20748086&REV_F0\3&11583659&0&E0;"";"";{PCI\VEN_8086&DEV_9DB8&SUBSYS_20748086&REV_F0, PCI\VEN_8086&DEV_9DB8&SUBSYS_20748086, PCI\VEN_8086&DEV_9DB8&CC_060400, PCI\VEN_8086&DEV_9DB8&CC_0604};"";"";INTEL;Intel(R) PCI Express Root Port #1 - 9DB8;System;PCI\VEN_8086&DEV_9DB8&SUBSYS_20748086&REV_F0\3&11583659&0&E0;"";"";True;pci;OK;"";Win32_ComputerSystem;NUC
"";Hauptplatinenressourcen;{4d36e97d-e325-11ce-bfc1-08002be10318};"";0;False;Win32_PnPEntity;Hauptplatinenressourcen;ACPI\PNP0C02\SARESV;"";"";{ACPI\VEN_PNP&DEV_0C02, ACPI\PNP0C02, *PNP0C02};"";"";(Standardsystemgeräte);Hauptplatinenressourcen;System;ACPI\PNP0C02\SARESV;"";"";True;"";OK;"";Win32_ComputerSystem;NUC
"";OneNote for Windows 10 (umgeleitet 2);{1ed2bbf9-11f0-4084-b21f-ad83a8e6dcdc};{GenPrintQueue, SWD\GenericRaw, SWD\Generic};0;False;Win32_PnPEntity;Lokale Druckwarteschlange;SWD\PRINTENUM\{608AC306-1C52-4944-B359-A48DBC933544};"";"";{PRINTENUM\LocalPrintQueue};"";"";Microsoft;OneNote for Windows 10 (umgeleitet 2);PrintQueue;SWD\PRINTENUM\{608AC306-1C52-4944-B359-A48DBC933544};"";"";True;"";OK;"";Win32_ComputerSystem;NUC
"";ACPI-Schalter;{4d36e97d-e325-11ce-bfc1-08002be10318};"";0;False;Win32_PnPEntity;ACPI-Schalter;ACPI\FIXEDBUTTON\2&DABA3FF&0;"";"";{ACPI\FixedButton, *FixedButton};"";"";(Standardsystemgeräte);ACPI-Schalter;System;ACPI\FIXEDBUTTON\2&DABA3FF&0;"";"";True;"";OK;"";Win32_ComputerSystem;NUC
"";ACPI Wake Alarm;{4d36e97d-e325-11ce-bfc1-08002be10318};"";0;False;Win32_PnPEntity;ACPI Wake Alarm;ACPI\ACPI000E\2&DABA3FF&0;"";"";{ACPI\VEN_ACPI&DEV_000E, ACPI\ACPI000E, *ACPI000E};"";"";(Standardsystemgeräte);ACPI Wake Alarm;System;ACPI\ACPI000E\2&DABA3FF&0;"";"";True;acpitime;OK;"";Win32_ComputerSystem;NUC
"";Intel(R) Wireless Bluetooth(R);{e0cbf06c-cd8b-4647-bb8a-263b43f0f974};{USB\Class_E0&SubClass_01&Prot_01, USB\Class_E0&SubClass_01, USB\Class_E0};0;False;Win32_PnPEntity;Intel(R) Wireless Bluetooth(R);USB\VID_8087&PID_0AAA\5&2EC8F72A&0&10;"";"";{USB\VID_8087&PID_0AAA&REV_0002, USB\VID_8087&PID_0AAA};"";"";Intel Corporation;Intel(R) Wireless Bluetooth(R);Bluetooth;USB\VID_8087&PID_0AAA\5&2EC8F72A&0&10;"";"";True;BTHUSB;OK;"";Win32_ComputerSystem;NUC
"";Standardmäßiger NVM Express-Controller;{4d36e97b-e325-11ce-bfc1-08002be10318};{PCI\VEN_144D&DEV_A804&REV_00, PCI\VEN_144D&DEV_A804, PCI\VEN_144D&CC_010802, PCI\VEN_144D&CC_0108, PCI\VEN_144D, PCI\CC_010802&DT_0, PCI\CC_010802, PCI\CC_0108&DT_0, PCI\CC_0108};0;False;Win32_PnPEntity;Standardmäßiger NVM Express-Controller;PCI\VEN_144D&DEV_A804&SUBSYS_A801144D&REV_00\4&1587421E&0&00E8;"";"";{PCI\VEN_144D&DEV_A804&SUBSYS_A801144D&REV_00, PCI\VEN_144D&DEV_A804&SUBSYS_A801144D, PCI\VEN_144D&DEV_A804&CC_010802, PCI\VEN_144D&DEV_A804&CC_0108};"";"";Standardmäßiger NVM Express-Controller;Standardmäßiger NVM Express-Controller;SCSIAdapter;PCI\VEN_144D&DEV_A804&SUBSYS_A801144D&REV_00\4&1587421E&0&00E8;"";"";True;stornvme;OK;"";Win32_ComputerSystem;NUC
"";OneNote for Windows 10;{1ed2bbf9-11f0-4084-b21f-ad83a8e6dcdc};{GenPrintQueue, SWD\GenericRaw, SWD\Generic};0;False;Win32_PnPEntity;Lokale Druckwarteschlange;SWD\PRINTENUM\{144E7F10-157B-4DCD-BAB1-37ACBACA6834};"";"";{PRINTENUM\{133619e4-143b-463a-b809-b1f51d05f973}, PRINTENUM\LocalPrintQueue, {133619e4-143b-463a-b809-b1f51d05f973}};"";"";Microsoft;OneNote for Windows 10;PrintQueue;SWD\PRINTENUM\{144E7F10-157B-4DCD-BAB1-37ACBACA6834};"";"";True;"";OK;"";Win32_ComputerSystem;NUC
"";Standardmäßiger SATA AHCI- Controller;{4d36e96a-e325-11ce-bfc1-08002be10318};{PCI\VEN_8086&DEV_9DD3&REV_30, PCI\VEN_8086&DEV_9DD3, PCI\VEN_8086&CC_010601, PCI\VEN_8086&CC_0106, PCI\VEN_8086, PCI\CC_010601, PCI\CC_0106};0;False;Win32_PnPEntity;Standardmäßiger SATA AHCI- Controller;PCI\VEN_8086&DEV_9DD3&SUBSYS_20748086&REV_30\3&11583659&0&B8;"";"";{PCI\VEN_8086&DEV_9DD3&SUBSYS_20748086&REV_30, PCI\VEN_8086&DEV_9DD3&SUBSYS_20748086, PCI\VEN_8086&DEV_9DD3&CC_010601, PCI\VEN_8086&DEV_9DD3&CC_0106};"";"";Standardmäßiger SATA AHCI- Controller;Standardmäßiger SATA AHCI- Controller;HDC;PCI\VEN_8086&DEV_9DD3&SUBSYS_20748086&REV_30\3&11583659&0&B8;"";"";True;storahci;OK;"";Win32_ComputerSystem;NUC
"";Intel(R)-Energiemodul-Plug-In;{4d36e97d-e325-11ce-bfc1-08002be10318};{*PNP0D80};0;False;Win32_PnPEntity;Intel(R)-Energiemodul-Plug-In;ACPI\INT33A1\1;"";"";{ACPI\VEN_INT&DEV_33A1, ACPI\INT33A1, *INT33A1};"";"";Intel Corporation;Intel(R)-Energiemodul-Plug-In;System;ACPI\INT33A1\1;"";"";True;intelpep;OK;"";Win32_ComputerSystem;NUC
"";Realtek(R) Audio;{4d36e96c-e325-11ce-bfc1-08002be10318};{INTELAUDIO\FUNC_01&VEN_10EC&DEV_0235&REV_1000, INTELAUDIO\FUNC_01&VEN_10EC&DEV_0235, INTELAUDIO\FUNC_01&VEN_10EC, INTELAUDIO\FUNC_01};0;False;Win32_PnPEntity;Realtek High Definition Audio;INTELAUDIO\FUNC_01&VEN_10EC&DEV_0235&SUBSYS_80862074&REV_1000\4&37A31CA1&0&0001;"";"";{INTELAUDIO\FUNC_01&VEN_10EC&DEV_0235&SUBSYS_80862074&REV_1000, INTELAUDIO\FUNC_01&VEN_10EC&DEV_0235&SUBSYS_80862074};"";"";Realtek;Realtek(R) Audio;MEDIA;INTELAUDIO\FUNC_01&VEN_10EC&DEV_0235&SUBSYS_80862074&REV_1000\4&37A31CA1&0&0001;"";"";True;IntcAzAudAddService;OK;"";Win32_ComputerSystem;NUC
"";Hauptplatinenressourcen;{4d36e97d-e325-11ce-bfc1-08002be10318};"";0;False;Win32_PnPEntity;Hauptplatinenressourcen;ACPI\PNP0C02\IOTRAPS;"";"";{ACPI\VEN_PNP&DEV_0C02, ACPI\PNP0C02, *PNP0C02};"";"";(Standardsystemgeräte);Hauptplatinenressourcen;System;ACPI\PNP0C02\IOTRAPS;"";"";True;"";OK;"";Win32_ComputerSystem;NUC
"";Microsoft GS Wavetable Synthesizer;{62f9c741-b25a-46ce-b54c-9bccce08b6f2};{SWD\GenericRaw, SWD\Generic};0;False;Win32_PnPEntity;Generisches Softwaregerät;SWD\MMDEVAPI\MICROSOFTGSWAVETABLESYNTH;"";"";"";"";"";Microsoft;Microsoft GS Wavetable Synthesizer;SoftwareDevice;SWD\MMDEVAPI\MICROSOFTGSWAVETABLESYNTH;"";"";True;"";OK;"";Win32_ComputerSystem;NUC
"";Detection Verification;{4d36e97d-e325-11ce-bfc1-08002be10318};"";0;False;Win32_PnPEntity;Detection Verification;{DD8E82AE-334B-49A2-AEAE-AEB0FD5C40DD}\DETECTIONVERIFICATION\5&2848CBC0&0&0;"";"";{{DD8E82AE-334B-49A2-AEAE-AEB0FD5C40DD}\DetectionVerification};"";"";Intel(R) Corporation;Detection Verification;System;{DD8E82AE-334B-49A2-AEAE-AEB0FD5C40DD}\DETECTIONVERIFICATION\5&2848CBC0&0&0;"";"";True;WUDFRd;OK;"";Win32_ComputerSystem;NUC
"";HID-konformer Systemcontroller;{745a17a0-74d3-11d0-b6fe-00a0c90f57da};"";0;False;Win32_PnPEntity;HID-konformer Systemcontroller;HID\VID_FFFF&PID_BACE&REV_0002&MI_00&COL04\3&258C3FBC&0&0003;"";"";{HID\VID_FFFF&PID_BACE&REV_0002&MI_00&Col04, HID\VID_FFFF&PID_BACE&MI_00&Col04, HID\VID_FFFF&UP:0001_U:0080, HID_DEVICE_SYSTEM_CONTROL, HID_DEVICE_UP:0001_U:0080, HID_DEVICE};"";"";(Standardsystemgeräte);HID-konformer Systemcontroller;HIDClass;HID\VID_FFFF&PID_BACE&REV_0002&MI_00&COL04\3&258C3FBC&0&0003;"";"";True;"";OK;"";Win32_ComputerSystem;NUC
"";Bluetooth;{62f9c741-b25a-46ce-b54c-9bccce08b6f2};{SWD\GenericRaw, SWD\Generic};0;False;Win32_PnPEntity;Generisches Softwaregerät;SWD\RADIO\BLUETOOTH_548D5A665944;"";"";"";"";"";Microsoft;Bluetooth;SoftwareDevice;SWD\RADIO\BLUETOOTH_548D5A665944;"";"";True;"";OK;"";Win32_ComputerSystem;NUC
"";Intel(R) Wireless-AC 9560 160MHz;{4d36e972-e325-11ce-bfc1-08002be10318};{PCI\VEN_8086&DEV_9DF0&REV_30, PCI\VEN_8086&DEV_9DF0, PCI\VEN_8086&CC_028000, PCI\VEN_8086&CC_0280, PCI\VEN_8086, PCI\CC_028000&DT_9, PCI\CC_028000, PCI\CC_0280&DT_9, PCI\CC_0280};0;False;Win32_PnPEntity;Intel(R) Wireless-AC 9560 160MHz;PCI\VEN_8086&DEV_9DF0&SUBSYS_00348086&REV_30\3&11583659&0&A3;"";"";{PCI\VEN_8086&DEV_9DF0&SUBSYS_00348086&REV_30, PCI\VEN_8086&DEV_9DF0&SUBSYS_00348086, PCI\VEN_8086&DEV_9DF0&CC_028000, PCI\VEN_8086&DEV_9DF0&CC_0280};"";"";Intel Corporation;Intel(R) Wireless-AC 9560 160MHz;Net;PCI\VEN_8086&DEV_9DF0&SUBSYS_00348086&REV_30\3&11583659&0&A3;"";"";True;Netwtw08;OK;"";Win32_ComputerSystem;NUC
"";Smart Card Device Enumeration Bus;{62f9c741-b25a-46ce-b54c-9bccce08b6f2};{SWD\GenericRaw, SWD\Generic};0;False;Win32_PnPEntity;Generisches Softwaregerät;SWD\SCDEVICEENUMBUS\0;"";"";"";"";"";Microsoft;Smart Card Device Enumeration Bus;SoftwareDevice;SWD\SCDEVICEENUMBUS\0;"";"";True;"";OK;"";Win32_ComputerSystem;NUC
"";Microsoft Passport Container Enumeration Bus;{62f9c741-b25a-46ce-b54c-9bccce08b6f2};{SWD\GenericRaw, SWD\Generic};0;False;Win32_PnPEntity;Generisches Softwaregerät;SWD\SCDEVICEENUMBUS\1;"";"";"";"";"";Microsoft;Microsoft Passport Container Enumeration Bus;SoftwareDevice;SWD\SCDEVICEENUMBUS\1;"";"";True;"";OK;"";Win32_ComputerSystem;NUC
"";Remote Desktop USB Hub;{4d36e97d-e325-11ce-bfc1-08002be10318};"";0;False;Win32_PnPEntity;Remote Desktop USB Hub;TS_USB_HUB_ENUMERATOR\UMB\2&30D3618&0&TS_USB_HUB;"";"";{UMB\TS_URB_HUB};"";"";(Standard system devices);Remote Desktop USB Hub;System;TS_USB_HUB_ENUMERATOR\UMB\2&30D3618&0&TS_USB_HUB;"";"";True;tsusbhub;OK;"";Win32_ComputerSystem;NUC
"";USB-Verbundgerät;{36fc9e60-c465-11cf-8056-444553540000};{USB\DevClass_00&SubClass_00&Prot_00, USB\DevClass_00&SubClass_00, USB\DevClass_00, USB\COMPOSITE};0;False;Win32_PnPEntity;USB-Verbundgerät;USB\VID_FFFF&PID_BACE&REV_0002\1;"";"";{USB\VID_FFFF&PID_BACE&REV_0002, USB\VID_FFFF&PID_BACE};"";"";(Standard-USB-Hostcontroller);USB-Verbundgerät;USB;USB\VID_FFFF&PID_BACE&REV_0002\1;"";"";True;usbccgp;OK;"";Win32_ComputerSystem;NUC
"";PDF24 (umgeleitet 2);{1ed2bbf9-11f0-4084-b21f-ad83a8e6dcdc};{GenPrintQueue, SWD\GenericRaw, SWD\Generic};0;False;Win32_PnPEntity;Lokale Druckwarteschlange;SWD\PRINTENUM\{AE3E5F1E-B7E9-483F-ABCE-1B116BF0821B};"";"";{PRINTENUM\LocalPrintQueue};"";"";Microsoft;PDF24 (umgeleitet 2);PrintQueue;SWD\PRINTENUM\{AE3E5F1E-B7E9-483F-ABCE-1B116BF0821B};"";"";True;"";OK;"";Win32_ComputerSystem;NUC
"";Volume;{71a27cdd-812a-11d0-bec7-08002be2092f};"";0;False;Win32_PnPEntity;Volume;STORAGE\VOLUME\{135CA7D5-5B58-11EB-9543-806E6F6E6963}#0000000007500000;"";"";{STORAGE\Volume};"";"";Microsoft;Volume;Volume;STORAGE\VOLUME\{135CA7D5-5B58-11EB-9543-806E6F6E6963}#0000000007500000;"";"";True;volume;OK;"";Win32_ComputerSystem;NUC
"";Enumerator für virtuelle NDIS-Netzwerkadapter;{4d36e97d-e325-11ce-bfc1-08002be10318};"";0;False;Win32_PnPEntity;Enumerator für virtuelle NDIS-Netzwerkadapter;ROOT\NDISVIRTUALBUS\0000;"";"";{ROOT\NdisVirtualBus};"";"";Microsoft;Enumerator für virtuelle NDIS-Netzwerkadapter;System;ROOT\NDISVIRTUALBUS\0000;"";"";True;NdisVirtualBus;OK;"";Win32_ComputerSystem;NUC
"";USB-Eingabegerät;{745a17a0-74d3-11d0-b6fe-00a0c90f57da};{USB\Class_03&SubClass_00&Prot_00, USB\Class_03&SubClass_00, USB\Class_03};0;False;Win32_PnPEntity;USB-Eingabegerät;USB\VID_FFFF&PID_BACE&REV_0002&MI_00\2&2CEE342A&0&0000;"";"";{USB\VID_FFFF&PID_BACE&REV_0002&MI_00, USB\VID_FFFF&PID_BACE&MI_00};"";"";(Standardsystemgeräte);USB-Eingabegerät;HIDClass;USB\VID_FFFF&PID_BACE&REV_0002&MI_00\2&2CEE342A&0&0000;"";"";True;HidUsb;OK;"";Win32_ComputerSystem;NUC
"";Realtek Hardware Support Application;{5c4c3332-344d-483c-8739-259e934c9cc8};{SWC\Generic, SWD\GenericRaw, SWD\Generic};0;False;Win32_PnPEntity;Realtek Hardware Support Application;SWD\DRIVERENUM\{C3A63EDD-2D27-4B66-B155-5E94B43D926A}#REALTEKHSA&5&1C39BCDF&0;"";"";{SWC\VEN_10EC&HID_0001};"";"";Realtek;Realtek Hardware Support Application;SoftwareComponent;SWD\DRIVERENUM\{C3A63EDD-2D27-4B66-B155-5E94B43D926A}#REALTEKHSA&5&1C39BCDF&0;"";"";True;"";OK;"";Win32_ComputerSystem;NUC
"";Intel(R) USB 3.1 eXtensible-Hostcontroller – 1.10 (Microsoft);{36fc9e60-c465-11cf-8056-444553540000};{PCI\VEN_8086&DEV_9DED&REV_30, PCI\VEN_8086&DEV_9DED, PCI\VEN_8086&CC_0C0330, PCI\VEN_8086&CC_0C03, PCI\VEN_8086, PCI\CC_0C0330, PCI\CC_0C03};0;False;Win32_PnPEntity;USB-xHCI-kompatibler Hostcontroller;PCI\VEN_8086&DEV_9DED&SUBSYS_20748086&REV_30\3&11583659&0&A0;"";"";{PCI\VEN_8086&DEV_9DED&SUBSYS_20748086&REV_30, PCI\VEN_8086&DEV_9DED&SUBSYS_20748086, PCI\VEN_8086&DEV_9DED&CC_0C0330, PCI\VEN_8086&DEV_9DED&CC_0C03};"";"";Generischer USB-xHCI-Hostcontroller;Intel(R) USB 3.1 eXtensible-Hostcontroller – 1.10 (Microsoft);USB;PCI\VEN_8086&DEV_9DED&SUBSYS_20748086&REV_30\3&11583659&0&A0;"";"";True;USBXHCI;OK;"";Win32_ComputerSystem;NUC
"";Microsoft Bluetooth LE-Enumerator;{e0cbf06c-cd8b-4647-bb8a-263b43f0f974};"";0;False;Win32_PnPEntity;Microsoft Bluetooth LE-Enumerator;BTH\MS_BTHLE\6&2776B02B&0&3;"";"";{BTH\MS_BTHLE};"";"";Microsoft;Microsoft Bluetooth LE-Enumerator;Bluetooth;BTH\MS_BTHLE\6&2776B02B&0&3;"";"";True;BthLEEnum;OK;"";Win32_ComputerSystem;NUC
"";Microsoft Print to PDF (umgeleitet 2);{1ed2bbf9-11f0-4084-b21f-ad83a8e6dcdc};{GenPrintQueue, SWD\GenericRaw, SWD\Generic};0;False;Win32_PnPEntity;Lokale Druckwarteschlange;SWD\PRINTENUM\{84A5DE82-26FB-4B3C-ADD8-ABBA1E1244ED};"";"";{PRINTENUM\LocalPrintQueue};"";"";Microsoft;Microsoft Print to PDF (umgeleitet 2);PrintQueue;SWD\PRINTENUM\{84A5DE82-26FB-4B3C-ADD8-ABBA1E1244ED};"";"";True;"";OK;"";Win32_ComputerSystem;NUC
"";HID-Tastatur;{4d36e96b-e325-11ce-bfc1-08002be10318};"";0;False;Win32_PnPEntity;HID-Tastatur;HID\VID_045E&PID_0750&MI_00\7&1D8C943C&0&0000;"";"";{HID\VID_045E&PID_0750&REV_0110&MI_00, HID\VID_045E&PID_0750&MI_00, HID\VID_045E&UP:0001_U:0006, HID_DEVICE_SYSTEM_KEYBOARD, HID_DEVICE_UP:0001_U:0006, HID_DEVICE};"";"";(Standardtastaturen);HID-Tastatur;Keyboard;HID\VID_045E&PID_0750&MI_00\7&1D8C943C&0&0000;"";"";True;kbdhid;OK;"";Win32_ComputerSystem;NUC
"";Upstream-Switchport für PCI-Express;{4d36e97d-e325-11ce-bfc1-08002be10318};{PCI\VEN_8086&DEV_15DA&REV_02, PCI\VEN_8086&DEV_15DA, PCI\VEN_8086&CC_060400, PCI\VEN_8086&CC_0604, PCI\VEN_8086, PCI\CC_060400&DT_5, PCI\CC_060400, PCI\CC_0604&DT_5, PCI\CC_0604, PCI\CC_0C0A};0;False;Win32_PnPEntity;Upstream-Switchport für PCI-Express;PCI\VEN_8086&DEV_15DA&SUBSYS_20748086&REV_02\U24F5D48923B3020000;"";"";{PCI\VEN_8086&DEV_15DA&SUBSYS_20748086&REV_02, PCI\VEN_8086&DEV_15DA&SUBSYS_20748086, PCI\VEN_8086&DEV_15DA&CC_060400, PCI\VEN_8086&DEV_15DA&CC_0604};"";"";(Standardsystemgeräte);Upstream-Switchport für PCI-Express;System;PCI\VEN_8086&DEV_15DA&SUBSYS_20748086&REV_02\U24F5D48923B3020000;"";"";True;pci;OK;"";Win32_ComputerSystem;NUC
"";Intel(R) Ethernet Connection (6) I219-V;{4d36e972-e325-11ce-bfc1-08002be10318};{PCI\VEN_8086&DEV_15BE&REV_30, PCI\VEN_8086&DEV_15BE, PCI\VEN_8086&CC_020000, PCI\VEN_8086&CC_0200, PCI\VEN_8086, PCI\CC_020000, PCI\CC_0200};0;False;Win32_PnPEntity;Intel(R) Ethernet Connection (6) I219-V;PCI\VEN_8086&DEV_15BE&SUBSYS_20748086&REV_30\3&11583659&0&FE;"";"";{PCI\VEN_8086&DEV_15BE&SUBSYS_20748086&REV_30, PCI\VEN_8086&DEV_15BE&SUBSYS_20748086, PCI\VEN_8086&DEV_15BE&CC_020000, PCI\VEN_8086&DEV_15BE&CC_0200};"";"";Intel;Intel(R) Ethernet Connection (6) I219-V;Net;PCI\VEN_8086&DEV_15BE&SUBSYS_20748086&REV_30\3&11583659&0&FE;"";"";True;e1dexpress;OK;"";Win32_ComputerSystem;NUC
"";Microsoft XPS Document Writer (umgeleitet 2);{1ed2bbf9-11f0-4084-b21f-ad83a8e6dcdc};{GenPrintQueue, SWD\GenericRaw, SWD\Generic};0;False;Win32_PnPEntity;Lokale Druckwarteschlange;SWD\PRINTENUM\{704ACAA9-061C-4EC4-B2E4-5F8286F02DC9};"";"";{PRINTENUM\LocalPrintQueue};"";"";Microsoft;Microsoft XPS Document Writer (umgeleitet 2);PrintQueue;SWD\PRINTENUM\{704ACAA9-061C-4EC4-B2E4-5F8286F02DC9};"";"";True;"";OK;"";Win32_ComputerSystem;NUC
"";Programmierbarer Interruptcontroller;{4d36e97d-e325-11ce-bfc1-08002be10318};"";0;False;Win32_PnPEntity;Programmierbarer Interruptcontroller;ACPI\PNP0000\4&38663FB2&0;"";"";{ACPI\VEN_PNP&DEV_0000, ACPI\PNP0000, *PNP0000};"";"";(Standardsystemgeräte);Programmierbarer Interruptcontroller;System;ACPI\PNP0000\4&38663FB2&0;"";"";True;"";OK;"";Win32_ComputerSystem;NUC
"";BE0085;{f2e7dd72-6468-4e36-b6f1-6488f42c1b52};{UEFI\CC_00010001, GenFirmwareResource};0;False;Win32_PnPEntity;BE0085;UEFI\RES_{00A486B1-A748-4088-9B2F-42477B59B21C}\0;"";"";{UEFI\RES_{00a486b1-a748-4088-9b2f-42477b59b21c}&REV_55, UEFI\RES_{00a486b1-a748-4088-9b2f-42477b59b21c}};"";"";Intel Corporation.;BE0085;Firmware;UEFI\RES_{00A486B1-A748-4088-9B2F-42477B59B21C}\0;"";"";True;"";OK;"";Win32_ComputerSystem;NUC
"";SAMSUNG MZVLW256HEHP-000L7;{4d36e967-e325-11ce-bfc1-08002be10318};{SCSI\Disk, SCSI\RAW, Disk1667};0;False;Win32_PnPEntity;Laufwerk;SCSI\DISK&VEN_NVME&PROD_SAMSUNG_MZVLW256\5&2CCF8DB8&0&000000;"";"";{SCSI\DiskNVMe__________________SAMSUNG_MZVLW256HEHP-000L75L7QCXB7, SCSI\DiskNVMe__________________SAMSUNG_MZVLW256HEHP-000L7, SCSI\DiskNVMe____SAMSUNG_MZVLW256CXB7, SCSI\DiskNVMe____SAMSUNG_MZVLW256, SCSI\DiskNVMe____, SCSI\NVMe____SAMSUNG_MZVLW256C, NVMe____SAMSUNG_MZVLW256C, GenDisk};"";"";(Standardlaufwerke);SAMSUNG MZVLW256HEHP-000L7;DiskDrive;SCSI\DISK&VEN_NVME&PROD_SAMSUNG_MZVLW256\5&2CCF8DB8&0&000000;"";"";True;disk;OK;"";Win32_ComputerSystem;NUC
"";AVM FRITZ!Mediaserver;{62f9c741-b25a-46ce-b54c-9bccce08b6f2};{UMB\urn:schemas-upnp-org:device:MediaServer:1, SWD\GenericRaw, SWD\Generic};0;False;Win32_PnPEntity;Generisches Softwaregerät;SWD\DAFUPNPPROVIDER\UUID:FA095ECC-E13E-40E7-8E6C-74427FA661E3;"";"";{UMB\AVM_Berlin/FRITZ!Box_7590/avm/urn:schemas-upnp-org:device:MediaServer:1, UMB\AVM_Berlin/FRITZ!Box_7590/urn:schemas-upnp-org:device:MediaServer:1};"";"";AVM Berlin;AVM FRITZ!Mediaserver;SoftwareDevice;SWD\DAFUPNPPROVIDER\UUID:FA095ECC-E13E-40E7-8E6C-74427FA661E3;"";"";True;"";OK;"";Win32_ComputerSystem;NUC
"";DigitRadio 520 002261282380;{14b62f50-3f15-11dd-ae16-0800200c9a66};{UMB\MS_DigitalMediaDeviceClass_DMR_V001, SWD\GenericRaw, SWD\Generic};0;False;Win32_PnPEntity;Digitales Mediengerät;SWD\DAFUPNPPROVIDER\UUID:3DCC7100-F76C-11DD-87AF-002261282380;"";"";{UMB\VEN_2A2D&DEV_0001&SUBSYS_0001&REV_01};"";"";Technisat;DigitRadio 520 002261282380;DigitalMediaDevices;SWD\DAFUPNPPROVIDER\UUID:3DCC7100-F76C-11DD-87AF-002261282380;"";"";True;UmPass;OK;"";Win32_ComputerSystem;NUC
"";Intel(R) Graphics Command Center;{5c4c3332-344d-483c-8739-259e934c9cc8};{SWC\Generic, SWD\GenericRaw, SWD\Generic};0;False;Win32_PnPEntity;Intel(R) Graphics Command Center;SWD\DRIVERENUM\IGCC&4&2706F5B0&0;"";"";{SWC\100.8681_VEN8086_IGCC};"";"";Intel Corporation;Intel(R) Graphics Command Center;SoftwareComponent;SWD\DRIVERENUM\IGCC&4&2706F5B0&0;"";"";True;"";OK;"";Win32_ComputerSystem;NUC
"";Microsoft Wi-Fi Direct Virtual Adapter;{4d36e972-e325-11ce-bfc1-08002be10318};{{5d624f94-8850-40c3-a3fa-a4fd2080baf3}\vwifimp_wfd};0;False;Win32_PnPEntity;Virtueller Microsoft Wi-Fi Direct-Adapter;{5D624F94-8850-40C3-A3FA-A4FD2080BAF3}\VWIFIMP_WFD\4&AF3822&0&11;"";"";{{5d624f94-8850-40c3-a3fa-a4fd2080baf3}\vwifimp_wfd};"";"";Microsoft;Microsoft Wi-Fi Direct Virtual Adapter;Net;{5D624F94-8850-40C3-A3FA-A4FD2080BAF3}\VWIFIMP_WFD\4&AF3822&0&11;"";"";True;vwifimp;OK;"";Win32_ComputerSystem;NUC
"";Microsoft Wi-Fi Direct Virtual Adapter #2;{4d36e972-e325-11ce-bfc1-08002be10318};{{5d624f94-8850-40c3-a3fa-a4fd2080baf3}\vwifimp_wfd};0;False;Win32_PnPEntity;Virtueller Microsoft Wi-Fi Direct-Adapter;{5D624F94-8850-40C3-A3FA-A4FD2080BAF3}\VWIFIMP_WFD\4&AF3822&0&12;"";"";{{5d624f94-8850-40c3-a3fa-a4fd2080baf3}\vwifimp_wfd};"";"";Microsoft;Microsoft Wi-Fi Direct Virtual Adapter #2;Net;{5D624F94-8850-40C3-A3FA-A4FD2080BAF3}\VWIFIMP_WFD\4&AF3822&0&12;"";"";True;vwifimp;OK;"";Win32_ComputerSystem;NUC
"";Fax;{1ed2bbf9-11f0-4084-b21f-ad83a8e6dcdc};{GenPrintQueue, SWD\GenericRaw, SWD\Generic};0;False;Win32_PnPEntity;Lokale Druckwarteschlange;SWD\PRINTENUM\{730CB736-A394-41C8-A695-3214EC3DEAE7};"";"";{PRINTENUM\microsoftmicrosoft_s7d14, PRINTENUM\LocalPrintQueue, microsoftmicrosoft_s7d14};"";"";Microsoft;Fax;PrintQueue;SWD\PRINTENUM\{730CB736-A394-41C8-A695-3214EC3DEAE7};"";"";True;"";OK;"";Win32_ComputerSystem;NUC
"";Microsoft-Systemverwaltungs-BIOS-Treiber;{4d36e97d-e325-11ce-bfc1-08002be10318};"";0;False;Win32_PnPEntity;Microsoft-Systemverwaltungs-BIOS-Treiber;ROOT\MSSMBIOS\0000;"";"";{ROOT\mssmbios};"";"";(Standardsystemgeräte);Microsoft-Systemverwaltungs-BIOS-Treiber;System;ROOT\MSSMBIOS\0000;"";"";True;mssmbios;OK;"";Win32_ComputerSystem;NUC
"";Hauptplatinenressourcen;{4d36e97d-e325-11ce-bfc1-08002be10318};{*PNP0C02};0;False;Win32_PnPEntity;Hauptplatinenressourcen;ACPI\INT340E\2&DABA3FF&0;"";"";{ACPI\VEN_INT&DEV_340E, ACPI\INT340E, *INT340E};"";"";(Standardsystemgeräte);Hauptplatinenressourcen;System;ACPI\INT340E\2&DABA3FF&0;"";"";True;"";OK;"";Win32_ComputerSystem;NUC
"";Microsoft Windows-Verwaltungsschnittstelle für ACPI;{4d36e97d-e325-11ce-bfc1-08002be10318};"";0;False;Win32_PnPEntity;Microsoft Windows-Verwaltungsschnittstelle für ACPI;ACPI\PNP0C14\TBFP;"";"";{ACPI\VEN_PNP&DEV_0C14, ACPI\PNP0C14, *PNP0C14};"";"";Microsoft;Microsoft Windows-Verwaltungsschnittstelle für ACPI;System;ACPI\PNP0C14\TBFP;"";"";True;WmiAcpi;OK;"";Win32_ComputerSystem;NUC
"";Microsoft XPS Document Writer;{1ed2bbf9-11f0-4084-b21f-ad83a8e6dcdc};{GenPrintQueue, SWD\GenericRaw, SWD\Generic};0;False;Win32_PnPEntity;Lokale Druckwarteschlange;SWD\PRINTENUM\{11FE872D-4901-4AB1-9162-2F03A582F318};"";"";{PRINTENUM\{0f4130dd-19c7-7ab6-99a1-980f03b2ee4e}, PRINTENUM\LocalPrintQueue, {0f4130dd-19c7-7ab6-99a1-980f03b2ee4e}};"";"";Microsoft;Microsoft XPS Document Writer;PrintQueue;SWD\PRINTENUM\{11FE872D-4901-4AB1-9162-2F03A582F318};"";"";True;"";OK;"";Win32_ComputerSystem;NUC
"";Intel(R) USB 3.1 eXtensible-Hostcontroller – 1.10 (Microsoft);{36fc9e60-c465-11cf-8056-444553540000};{PCI\VEN_8086&DEV_15DB&REV_02, PCI\VEN_8086&DEV_15DB, PCI\VEN_8086&CC_0C0330, PCI\VEN_8086&CC_0C03, PCI\VEN_8086, PCI\CC_0C0330&DT_0, PCI\CC_0C0330, PCI\CC_0C03&DT_0, PCI\CC_0C03};0;False;Win32_PnPEntity;USB-xHCI-kompatibler Hostcontroller;PCI\VEN_8086&DEV_15DB&SUBSYS_20748086&REV_02\24F5D48923B3020000;"";"";{PCI\VEN_8086&DEV_15DB&SUBSYS_20748086&REV_02, PCI\VEN_8086&DEV_15DB&SUBSYS_20748086, PCI\VEN_8086&DEV_15DB&CC_0C0330, PCI\VEN_8086&DEV_15DB&CC_0C03};"";"";Generischer USB-xHCI-Hostcontroller;Intel(R) USB 3.1 eXtensible-Hostcontroller – 1.10 (Microsoft);USB;PCI\VEN_8086&DEV_15DB&SUBSYS_20748086&REV_02\24F5D48923B3020000;"";"";True;USBXHCI;OK;"";Win32_ComputerSystem;NUC
"";Hauptplatinenressourcen;{4d36e97d-e325-11ce-bfc1-08002be10318};{*PNP0C02};0;False;Win32_PnPEntity;Hauptplatinenressourcen;ACPI\INT3F0D\4&38663FB2&0;"";"";{ACPI\VEN_INT&DEV_3F0D, ACPI\INT3F0D, *INT3F0D};"";"";(Standardsystemgeräte);Hauptplatinenressourcen;System;ACPI\INT3F0D\4&38663FB2&0;"";"";True;"";OK;"";Win32_ComputerSystem;NUC
"";PnP-Softwaregeräte-Enumerator;{4d36e97d-e325-11ce-bfc1-08002be10318};"";0;False;Win32_PnPEntity;PnP-Softwaregeräte-Enumerator;ROOT\SYSTEM\0000;"";"";{ROOT\SWENUM};"";"";(Standardsystemgeräte);PnP-Softwaregeräte-Enumerator;System;ROOT\SYSTEM\0000;"";"";True;swenum;OK;"";Win32_ComputerSystem;NUC
"";Dell Peripheral Manager;{4d36e97d-e325-11ce-bfc1-08002be10318};"";0;False;Win32_PnPEntity;Dell Peripheral Manager;ROOT\SYSTEM\0001;"";"";{Root\DPMDriver};"";"";Dell Inc.;Dell Peripheral Manager;System;ROOT\SYSTEM\0001;"";"";True;DPMDriver;OK;"";Win32_ComputerSystem;NUC
"";Volume;{71a27cdd-812a-11d0-bec7-08002be2092f};"";0;False;Win32_PnPEntity;Volume;STORAGE\VOLUME\{135CA7D5-5B58-11EB-9543-806E6F6E6963}#0000000006500000;"";"";{STORAGE\Volume};"";"";Microsoft;Volume;Volume;STORAGE\VOLUME\{135CA7D5-5B58-11EB-9543-806E6F6E6963}#0000000006500000;"";"";True;volume;OK;"";Win32_ComputerSystem;NUC
"";USB-Eingabegerät;{745a17a0-74d3-11d0-b6fe-00a0c90f57da};{USB\Class_03&SubClass_01&Prot_01, USB\Class_03&SubClass_01, USB\Class_03};0;False;Win32_PnPEntity;USB-Eingabegerät;USB\VID_045E&PID_0750&MI_00\6&1DDD416B&0&0000;"";"";{USB\VID_045E&PID_0750&REV_0110&MI_00, USB\VID_045E&PID_0750&MI_00};"";"";(Standardsystemgeräte);USB-Eingabegerät;HIDClass;USB\VID_045E&PID_0750&MI_00\6&1DDD416B&0&0000;"";"";True;HidUsb;OK;"";Win32_ComputerSystem;NUC
"";HID-konforme Maus;{4d36e96f-e325-11ce-bfc1-08002be10318};"";0;False;Win32_PnPEntity;HID-konforme Maus;HID\VID_FFFF&PID_BACE&REV_0002&MI_00&COL05\3&258C3FBC&0&0004;"";"";{HID\VID_FFFF&PID_BACE&REV_0002&MI_00&Col05, HID\VID_FFFF&PID_BACE&MI_00&Col05, HID\VID_FFFF&UP:0001_U:0002, HID_DEVICE_SYSTEM_MOUSE, HID_DEVICE_UP:0001_U:0002, HID_DEVICE};"";"";Microsoft;HID-konforme Maus;Mouse;HID\VID_FFFF&PID_BACE&REV_0002&MI_00&COL05\3&258C3FBC&0&0004;"";"";True;mouhid;OK;"";Win32_ComputerSystem;NUC
"";Redirector-Bus für Remotedesktop-Gerät;{4d36e97d-e325-11ce-bfc1-08002be10318};"";0;False;Win32_PnPEntity;Redirector-Bus für Remotedesktop-Gerät;ROOT\RDPBUS\0000;"";"";{ROOT\RDPBUS};"";"";Microsoft;Redirector-Bus für Remotedesktop-Gerät;System;ROOT\RDPBUS\0000;"";"";True;rdpbus;OK;"";Win32_ComputerSystem;NUC
"";WAN Miniport (IPv6);{4d36e972-e325-11ce-bfc1-08002be10318};{SWD\Generic};0;False;Win32_PnPEntity;WAN-Miniport (IPv6);SWD\MSRRAS\MS_NDISWANIPV6;"";"";{ms_ndiswanipv6};"";"";Microsoft;WAN Miniport (IPv6);Net;SWD\MSRRAS\MS_NDISWANIPV6;"";"";True;NdisWan;OK;"";Win32_ComputerSystem;NUC
"";Realtek Audio Universal Service;{5c4c3332-344d-483c-8739-259e934c9cc8};{SWC\Generic, SWD\GenericRaw, SWD\Generic};0;False;Win32_PnPEntity;Realtek Audio Universal Service;SWD\DRIVERENUM\{C3A63EDD-2D27-4B66-B155-5E94B43D926A}#REALTEKSRV&5&1C39BCDF&0;"";"";{SWC\VEN_10EC&SID_0001};"";"";Realtek;Realtek Audio Universal Service;SoftwareComponent;SWD\DRIVERENUM\{C3A63EDD-2D27-4B66-B155-5E94B43D926A}#REALTEKSRV&5&1C39BCDF&0;"";"";True;"";OK;"";Win32_ComputerSystem;NUC
"";Realtek PCIE CardReader;{4d36e970-e325-11ce-bfc1-08002be10318};{PCI\VEN_10EC&DEV_522A&REV_01, PCI\VEN_10EC&DEV_522A, PCI\VEN_10EC&CC_FF0000, PCI\VEN_10EC&CC_FF00, PCI\VEN_10EC, PCI\CC_FF0000&DT_0, PCI\CC_FF0000, PCI\CC_FF00&DT_0, PCI\CC_FF00};0;False;Win32_PnPEntity;Realtek PCIE CardReader;PCI\VEN_10EC&DEV_522A&SUBSYS_20748086&REV_01\00000001004CE00000;"";"";{PCI\VEN_10EC&DEV_522A&SUBSYS_20748086&REV_01, PCI\VEN_10EC&DEV_522A&SUBSYS_20748086, PCI\VEN_10EC&DEV_522A&CC_FF0000, PCI\VEN_10EC&DEV_522A&CC_FF00};"";"";Realtek Semiconductor Corp.;Realtek PCIE CardReader;MTD;PCI\VEN_10EC&DEV_522A&SUBSYS_20748086&REV_01\00000001004CE00000;"";"";True;RTSPER;OK;"";Win32_ComputerSystem;NUC
"";Intel(R) Serial IO GPIO Host Controller - INT34BB;{4d36e97d-e325-11ce-bfc1-08002be10318};"";0;False;Win32_PnPEntity;Intel(R) Serial IO GPIO Host Controller - INT34BB;ACPI\INT34BB\3&11583659&0;"";"";{ACPI\VEN_INT&DEV_34BB, ACPI\INT34BB, *INT34BB};"";"";Intel Corporation;Intel(R) Serial IO GPIO Host Controller - INT34BB;System;ACPI\INT34BB\3&11583659&0;"";"";True;iaLPSS2_GPIO2;OK;"";Win32_ComputerSystem;NUC
"";WAN Miniport (L2TP);{4d36e972-e325-11ce-bfc1-08002be10318};{SWD\Generic};0;False;Win32_PnPEntity;WAN-Miniport (L2TP);SWD\MSRRAS\MS_L2TPMINIPORT;"";"";{ms_l2tpminiport};"";"";Microsoft;WAN Miniport (L2TP);Net;SWD\MSRRAS\MS_L2TPMINIPORT;"";"";True;Rasl2tp;OK;"";Win32_ComputerSystem;NUC
